Material,Material Description,Material T,Long Text,CTL,MRP group,Batch #,C/N,Product Hi,Storage Lo,Storage Bi,ABC Indica,ELV ROHS,Lead Free,Plant,Vendor,Vendor Nam,CBC Code:,Prodn Supe,Purch. Gro,Profit Cen,Ctry of or,Revision L,Spl. Stock,Sales Orde,Sales Orde.1,Customer,Planning l,VMSS Indic,GPL Code,VSM Name,Global Por,Manufactur,Catalog No,UOM,Unrestrict,Restricted,QC Stock,Inv Value,Safety Sto,SS %,Stock in t,Blocked St,Blocked St.1,Date of Ma,Last goods,End of lif
1719040-1,8pos get male connector w. 3 sb's,ZFRT,,AEO,Z130,82819417,,M634,PH10,,A,C,X,0943,,,43071,,ADN,101,IN,B,,,,,AUT SHIRWAL TESOG,,NAA,,2,,1719040-1,PC,432,0,0,315.5,0,0.00,0,0.000,0.000,05/02/2025,07/11/2025,
1719040-1,8pos get male connector w. 3 sb's,ZFRT,,AEO,Z130,83550481,,M634,PH10,,A,C,X,0943,,,43071,,ADN,101,IN,B,,,,,AUT SHIRWAL TESOG,,NAA,,2,,1719040-1,PC,"1,728",0,0,1262.0,0,0.00,0,0.000,0.000,05/12/2025,07/17/2025,
1-1719082-1,pin housing 12pos mqs,ZHLB,,AL2,Z200,88351177,,M289,PH10,,C,C,X,0943,,,43186,,AL2,101,DE,A,,,,,AUT SHIRWAL TESOG,,N03,,,,1-1719082-1,PC,"18,000",0,0,1689.55,0,0.00,0,0.000,0.000,08/15/2023,07/29/2025,
2317939-1,"10pos,econoseal,rec hsg assy,sld,cod 1",ZFRT,,ADO,Z200,82137550,,M099,PH10,,B,C,N,0943,,,43098,,ADN,101,IN,A,,,,,AUT SHIRWAL TESOG,,N34,,1,,2317939-1,PC,400,0,0,149.2,0,0.00,0,0.000,0.000,04/23/2025,06/30/2025,
235468-5,"dia11 lockable squib ca,code c, l=1770mm",ZFRT,,AL2,Z200,2147738961,,L805,PH10,,C,C,X,0943,,,43187,,AL2,101,IN,B,,,,,AUT SHIRWAL TESOG,,G03,,6,,235468-5,PC,"2,000",0,0,1547.23,0,0.00,0,0.000,0.000,11/27/2021,12/22/2021,
1-1718638-1,amp mcp 2.8 retainer 4pos.,ZHLB,,AL2,Z200,49925847,,M235,PH10,,C,C,X,0943,,,43104,,AL2,101,IN,A,,,,,AUT SHIRWAL TESOG,,N10,,,,1-1718638-1,PC,"10,500",0,0,332.61,0,0.00,0,0.000,0.000,02/02/2024,02/09/2024,
2317939-1,"10pos,econoseal,rec hsg assy,sld,cod 1",ZFRT,,ADO,Z200,82831006,,M099,PH10,,B,C,N,0943,,,43098,,ADN,101,IN,A,,,,,AUT SHIRWAL TESOG,,N34,,1,,2317939-1,PC,"1,600",0,0,596.79,0,0.00,0,0.000,0.000,05/02/2025,07/11/2025,
1337352-1,e3 receptacle conn. assy.,ZFRT,,AEO,Z100,82168485,,J968,PH10,,A,C,X,0943,,,42054,,ADN,284,IN,E,,,,,AUT SHIRWAL TESOG,,H83,,,,1337352-1,PC,"9,600",0,0,3485.96,0,0.00,0,0.000,0.000,04/24/2025,07/03/2025,
1719040-1,8pos get male connector w. 3 sb's,ZFRT,,AEO,Z130,84198252,,M634,PH10,,A,C,X,0943,,,43071,,ADN,101,IN,B,,,,,AUT SHIRWAL TESOG,,NAA,,2,,1719040-1,PC,432,0,0,315.5,0,0.00,0,0.000,0.000,05/19/2025,07/24/2025,
2236956-1,6pos mqs tab cod a,ZFRT,,AND,Z100,84480827,,M133,PH10,,A,C,N,0943,,,43169,,AND,101,CZ,A,,,,,AUT KURIM TESOG,,N02,,1,,2236956-1,PC,"20,000",0,0,975.72,0,0.00,0,0.000,0.000,05/24/2025,07/23/2025,
2236956-1,6pos mqs tab cod a,ZFRT,,AND,Z100,86741099,,M133,PH10,,A,C,N,0943,,,43169,,AND,101,CZ,A,,,,,AUT KURIM TESOG,,N02,,1,,2236956-1,PC,"41,000",0,0,2000.22,0,0.00,0,0.000,0.000,07/03/2025,07/08/2025,
2324309-2,"3-port matenet frame, utp, cod b",ZHLB,,AND,Z120,71893150,,EF21,PH10,,C,C,N,0943,,,41393,,AND,101,CZ,A,,,,,AUT KURIM TESOG,,P06,,2,,2324309-2,PC,"3,500",0,0,221.14,0,0.00,0,0.000,0.000,12/05/2024,06/20/2025,
2141040-1,"fuse box assy,hard wired,type a",ZFRT,,ADO,Z130,87143539,,L931,PH10,,A,C,X,0943,,,43059,,ADN,101,IN,B,,,,,AUT SHIRWAL TESOG,,127,,3,,2141040-1,PC,210,0,0,1045.94,0,0.00,0,0.000,0.000,07/03/2025,07/31/2025,
2236956-2,6pos mqs tab cod b,ZFRT,,AND,Z100,87194600,,M133,PH10,,B,C,N,0943,,,43169,,AND,101,CZ,A,,,,,AUT KURIM TESOG,,N02,,2,,2236956-2,PC,"19,000",0,0,949.54,0,0.00,0,0.000,0.000,07/10/2025,07/11/2025,
2294223-2,"80pos,0.64 gener. y,rec hsg,assy,sld",ZFRT,,ADO,Z120,83926322,,M638,PH10,,A,C,N,0943,,,43069,,ADN,101,IN,B,,,,,AUT SHIRWAL TESOG,,NAC,,2,,2294223-2,PC,420,0,0,563.21,0,0.00,0,0.000,0.000,05/17/2025,07/24/2025,
2141466-1,"4pos,nanomqs,sock hsg,assy,sealed,coda",ZFRT,,ADO,Z100,80900980,,M120,PH10,,A,C,N,0943,,,43155,,ADN,101,IN,B,,,,,AUT SHIRWAL TESOG,,N54,,1,,2141466-1,PC,"3,000",0,0,741.67,0,0.00,0,0.000,0.000,,06/20/2025,
1718633-1,cpa for amp mcp 2.8,ZHLB,,AL2,Z200,49622050,,M235,PH10,,C,C,X,0943,,,43104,,AL2,101,IN,B,,,,,AUT SHIRWAL TESOG,,N10,,7,,1718633-1,PC,"100,000",0,0,944.13,0,0.00,0,0.000,0.000,01/23/2024,02/16/2024,
2-1452483-2,2way plug conn. 8mm pitch,ZFRT,,AEO,Z200,24193576,,W767,WT50,,C,C,X,0495,,,41396,,ADN,101,IN,B,,,,,AUT SHIRWAL TESOG,,P08,,,,2-1452483-2,PC,"14,400",0,0,1153.56,0,0.00,0,0.000,0.000,12/24/2019,01/08/2020,
1719040-1,8pos get male connector w. 3 sb's,ZFRT,,AEO,Z130,83361302,,M634,PH10,,A,C,X,0943,,,43071,,ADN,101,IN,B,,,,,AUT SHIRWAL TESOG,,NAA,,2,,1719040-1,PC,"1,296",0,0,946.5,0,0.00,0,0.000,0.000,05/09/2025,07/11/2025,
2066108-1,power sub cable -  efc extn- hvac for ck,ZFRT,,AEO,Z200,15595583,,L727,PH10,,C,C,X,0943,,,43058,,ADN,101,IN,B,,,,,AUT SHIRWAL TESOG,,895,,8,,2066108-1,PC,"1,000",0,0,1995.83,0,0.00,0,0.000,0.000,02/12/2018,03/25/2021,09/30/2035
1-2236520-1,"lever, female housing, 80 way",ZHLB,,AL2,Z120,88119519,,M638,PH09,,A,C,N,0943,,,43069,,AL2,101,HU,C,,,,,AUT SHIRWAL TESOG,,NAC,,,,1-2236520-1,PC,900,0,0,201.61,0,0.00,0,0.000,0.000,07/27/2025,07/30/2025,
1-1452480-4,"2pos,fakra ii,jack hsg,8mm pitch,assy",ZFRT,,AEO,Z200,22465396,,W767,PH10,,C,C,N,0943,,,41396,,AEO,101,IN,A,,,,,AUT SHIRWAL TESOG,,P08,,,,1-1452480-4,PC,"2,500",0,0,205.99,0,0.00,0,0.000,0.000,08/30/2019,04/02/2024,
1952075-5,"coil,160b connector housing-type3",ZFRT,,AEO,Z130,82822613,,E951,PH10,,A,C,N,0943,,,43061,,AEO,101,IN,B,,,,,AUT SHIRWAL TESOG,,K27,,3,,1952075-5,PC,"1,215",0,0,1006.68,0,0.00,0,0.000,0.000,05/02/2025,06/11/2025,
2302451-1,"matenet, male insert modul",ZHLB,,AND,Z130,87194262,,EF21,PH10,,B,C,N,0943,,,41393,,AND,101,CZ,A,,,,,AUT KURIM TESOG,,P06,,2,,2302451-1,PC,"40,000",0,0,2687.97,0,0.00,0,0.000,0.000,07/09/2025,07/13/2025,
1-2236715-2,"36pos,tab1.5x0.64,header assy,codb,90deg",ZFRT,,AEO,Z120,86386960,,J656,PH10,,C,C,N,0943,,,42021,,ADN,284,IN,C,,,,,AUT SHIRWAL TESOG,,J96,,,,1-2236715-2,PC,100,0,0,221.35,0,0.00,0,0.000,0.000,06/21/2025,07/03/2025,
1801773-1,fuses and relays holder 6 minifuses v2,ZFRT,,AND,Z130,87374392,,L102,PH10,,B,C,X,0943,,,43059,,AND,101,CZ,A,,,,,AUT KURIM TESOG,,127,,3,,1801773-1,PC,"4,992",0,0,1794.58,0,0.00,0,0.000,0.000,07/11/2025,07/12/2025,
1703804-1,"slide,for tab housing, 15pos.",ZHLB,,AND,Z120,87120500,,J541,PH10,,C,C,X,0943,,,42020,,AND,284,CZ,A,,,,,AUT KURIM TESOG,,H94,,,,1703804-1,PC,600,0,0,63.13,0,0.00,0,0.000,0.000,07/04/2025,07/28/2025,
2-1452726-1,2way plug conn. 8mm pitch,ZFRT,,AEO,Z120,81064932,,W767,PH10,,B,C,X,0943,,,41396,,ADN,101,IN,B,,,,,AUT SHIRWAL TESOG,,P08,,,,2-1452726-1,PC,"4,800",0,0,385.25,"28,800",17.00,0,0.000,0.000,04/14/2025,06/20/2025,
1241796-1,"distanzstueck,rot",ZHLB,,AL2,Z200,44210241,,M270,PH10,,C,C,X,0943,,,43113,,AL2,101,CZ,B,,,,,AUT SHIRWAL TESOG,,P16,,,,1241796-1,PC,"25,000",0,0,310.13,0,0.00,0,0.000,0.000,04/18/2023,06/05/2023,
2066108-1,power sub cable -  efc extn- hvac for ck,ZFRT,,AEO,Z200,15794790,,L727,PH10,,C,C,X,0943,,,43058,,ADN,101,IN,B,,,,,AUT SHIRWAL TESOG,,895,,8,,2066108-1,PC,400,0,0,798.33,0,0.00,0,0.000,0.000,03/02/2018,03/25/2021,09/30/2035
235490-1,cable ass'y chassis switch (bmw),ZFRT,,AEO,Z200,1335488670,,Y370,WT50,,C,C,X,0495,,,42260,,ADN,305,,B,,,,,AUT SHIRWAL TESOG,,P72,,9,,235490-1,PC,200,0,0,397.26,0,0.00,0,0.000,0.000,,,09/30/2027
1801613-1,fuses and relays holder 36 minifuses,ZFRT,,AND,Z120,84796685,,L102,PH10,,C,C,N,0943,,,43059,,AND,101,CZ,D,,,,,AUT KURIM TESOG,,127,,3,,1801613-1,PC,480,0,0,388.42,0,0.00,0,0.000,0.000,06/10/2025,06/12/2025,
1452587-1,"2way plug conn. 12,7mm pitch",ZFRT,,AEO,Z120,82895639,,W767,PH10,,C,C,X,0943,,,41396,,ADN,101,IN,D,,,,,AUT SHIRWAL TESOG,,P08,,,,1452587-1,PC,"7,200",0,0,955.88,0,0.00,0,0.000,0.000,05/03/2025,07/11/2025,
1-968699-1,2pos mqs tab cod a,ZFRT,,AND,Z100,88466303,,M133,PH10,,B,C,X,0943,,,43169,,AND,101,CZ,B,,,,,AUT KURIM TESOG,,N02,,1,,1-968699-1,PC,"300,000",0,0,5026.2,0,0.00,0,0.000,0.000,07/24/2025,07/28/2025,
1-953723-1,4w mqs sk hsg blue,ZFRT,,AND,Z120,86233575,,M133,PH10,,C,C,N,0943,,,43169,,AND,101,CZ,D,,,,,AUT KURIM TESOG,,N02,,9,,1-953723-1,PC,"7,000",0,0,269.96,0,0.00,0,0.000,0.000,06/23/2025,06/24/2025,09/30/2027
1719040-1,8pos get male connector w. 3 sb's,ZFRT,,AEO,Z130,82645500,,M634,PH10,,A,C,X,0943,,,43071,,ADN,101,IN,B,,,,,AUT SHIRWAL TESOG,,NAA,,2,,1719040-1,PC,864,0,0,631.0,0,0.00,0,0.000,0.000,04/29/2025,07/11/2025,
1952122-1,"assembly, delete cap, 4 position, mqs",ZFRT,,AEO,Z200,2110775617,,J758,PH10,,C,C,N,0943,,,43169,,CO4,101,IN,A,,,,,AUT SHIRWAL TESOG,,N02,,9,,1952122-1,PC,"1,200",0,0,5412.1,0,0.00,0,0.000,0.000,03/13/2021,09/06/2023,09/30/2035
1719040-1,8pos get male connector w. 3 sb's,ZFRT,,AEO,Z130,84202034,,M634,PH10,,A,C,X,0943,,,43071,,ADN,101,IN,B,,,,,AUT SHIRWAL TESOG,,NAA,,2,,1719040-1,PC,432,0,0,315.5,0,0.00,0,0.000,0.000,05/19/2025,07/24/2025,
2236374-1,lever,ZFRT,,AND,Z100,88124152,,M237,PH10,,B,C,N,0943,,,43169,,AND,101,CZ,B,,,,,AUT KURIM TESOG,,N02,,1,,2236374-1,PC,"62,700",0,0,3241.12,0,0.00,0,0.000,0.000,07/22/2025,07/30/2025,
2378368-2,cable harness lv,ZFRT,,ADO,Z120,87203362,,M248,PH10,,A,C,N,0943,,,43058,,AEO,101,IN,C,,,,,AUT SHIRWAL TESOG,,895,,7,,2378368-2,PC,240,0,0,2191.21,"15,000",2.00,0,0.000,0.000,07/04/2025,07/17/2025,
1952015-1,chassis switch-e89 cable assembly(bmw),ZFRT,,AEO,Z200,24928926,,YC43,WT50,,C,C,X,0495,,,42262,,ADN,305,IN,A,,,,,AUT SHIRWAL TESOG,,P74,,6,,1952015-1,PC,800,0,0,1092.11,0,0.00,0,0.000,0.000,02/28/2020,03/26/2020,
2378368-2,cable harness lv,ZFRT,,ADO,Z120,83885982,,M248,PH10,,A,C,N,0943,,,43058,,AEO,101,IN,C,,,,,AUT SHIRWAL TESOG,,895,,7,,2378368-2,PC,80,0,0,730.4,"15,000",1.00,0,0.000,0.000,05/16/2025,05/21/2025,
1802684-1,"cable guide,grid signal",ZHLB,,AND,Z130,86162709,,J880,PH10,,B,C,N,0943,,,14003,,AND,278,CZ,B,,,,,AUT KURIM TESOG,,P27,,7,,1802684-1,PC,"16,000",0,0,2022.57,0,0.00,0,0.000,0.000,07/17/2025,07/21/2025,
2378368-2,cable harness lv,ZFRT,,ADO,Z120,84926270,,M248,PH10,,A,C,N,0943,,,43058,,AEO,101,IN,C,,,,,AUT SHIRWAL TESOG,,895,,7,,2378368-2,PC,40,0,0,365.2,"15,000",0.00,0,0.000,0.000,05/29/2025,08/01/2025,
2317939-1,"10pos,econoseal,rec hsg assy,sld,cod 1",ZFRT,,ADO,Z200,83650359,,M099,PH10,,B,C,N,0943,,,43098,,ADN,101,IN,A,,,,,AUT SHIRWAL TESOG,,N34,,1,,2317939-1,PC,400,0,0,149.2,0,0.00,0,0.000,0.000,05/13/2025,07/16/2025,
1952075-5,"coil,160b connector housing-type3",ZFRT,,AEO,Z130,82686043,,E951,PH10,,A,C,N,0943,,,43061,,AEO,101,IN,B,,,,,AUT SHIRWAL TESOG,,K27,,3,,1952075-5,PC,"2,430",0,0,2013.37,0,0.00,0,0.000,0.000,04/30/2025,06/11/2025,
2141359-6,"cover,codings cover,code",ZFRT,,AND,Z200,41243488,,M269,PH10,,C,C,N,0943,,,41393,,AND,101,CZ,E,,,,,AUT KURIM TESOG,,P07,,,,2141359-6,PC,"3,925",0,0,251.14,0,0.00,0,0.000,0.000,11/01/2022,07/02/2025,
1-2315562-1,"10pos,tab0.64x0.64,hdr assy,180deg,sldr",ZFRT,,ADO,Z200,32P0000006,,M171,PH10,,C,C,N,0943,,,43164,,ADO,101,US,A,,,,,AUT SHIRWAL TESOG,,N60,,1,,1-2315562-1,PC,"1,512",0,0,1229.54,"40,068",4.00,0,0.000,0.000,01/29/2025,01/30/2025,
1-2236519-1,"spacer, female housing, 80 way",ZHLB,,AL2,Z130,85090462,,M638,PH10,,A,C,N,0943,,,43069,,AL2,101,HU,E,,,,,AUT SHIRWAL TESOG,,NAC,,,,1-2236519-1,PC,"6,552",0,0,1052.44,0,0.00,0,0.000,0.000,06/01/2025,06/04/2025,
Material,material description,Material T,Long Text,CTL,MRP group,Batch #,C/N,Product Hi,Storage Lo,Storage Bi,ABC Indica,ELV ROHS,Lead Free,Plant,Vendor,Vendor Nam,CBC Code:,Prodn Supe,Purch. Gro,Profit Cen,Ctry of or,Revision L,Spl. Stock,Sales Orde,Sales Orde,Customer,Planning l,VMSS Indic,GPL Code,VSM Name,Global Por,Manufactur,Catalog No,UOM,Unrestrict,Restricted,QC Stock,,Safety Sto,SS %,Stock in t,Blocked St,Blocked St,Date of Ma,Last goods,End of lif
2317939-1,"10pos,econoseal,rec hsg assy,sld,cod 1",ZFRT,,ADO,Z200,83443061,,M099,PH10,,B,C,N,0943,,,43098,,ADN,101,IN,A,,,,,AUT SHIRWAL TESOG,,N34,,1,,2317939-1,PC,400,0,0,149.2,0,0.00,0,0.000,0.000,05/10/2025,07/16/2025,
1-1718624-1,2 pos hsg amp mcp 2.8 assy,ZFRT,,AEO,Z120,82564658,,M105,PH10,,C,C,X,0943,,,43104,,ADN,101,IN,C,,,,,AUT SHIRWAL TESOG,,N10,,2,,1-1718624-1,PC,"1,000",0,0,163.55,0,0.00,0,0.000,0.000,04/28/2025,07/16/2025,
1952075-5,"coil,160b connector housing-type3",ZFRT,,AEO,Z130,82337313,,E951,PH10,,A,C,N,0943,,,43061,,AEO,101,IN,B,,,,,AUT SHIRWAL TESOG,,K27,,3,,1952075-5,PC,810,0,0,671.12,0,0.00,0,0.000,0.000,04/25/2025,06/11/2025,
1452179-2,"door latch hdr,re10",ZFRT,,AEO,Z120,72908793,,M709,PH10,,C,C,X,0943,,,43091,,ADN,101,IN,F,,,,,AUT SHIRWAL TESOG,,NAU,,7,,1452179-2,PC,240,0,0,167.48,0,0.00,0,0.000,0.000,12/11/2024,01/03/2025,
2317939-1,"10pos,econoseal,rec hsg assy,sld,cod 1",ZFRT,,ADO,Z200,83797773,,M099,PH10,,B,C,N,0943,,,43098,,ADN,101,IN,A,,,,,AUT SHIRWAL TESOG,,N34,,1,,2317939-1,PC,"2,000",0,0,745.99,0,0.00,0,0.000,0.000,05/15/2025,07/28/2025,
1802677-1,"protection cap/cvr,dc,rhd",ZHLB,,AND,Z130,87140791,,J880,PH10,,B,C,N,0943,,,14003,,AND,278,CZ,B,,,,,AUT KURIM TESOG,,P27,,7,,1802677-1,PC,"3,380",0,0,2001.25,0,0.00,0,0.000,0.000,07/05/2025,07/07/2025,
1719012-1,socket hsg 20 pos mqs,ZHLB,,ADO,Z120,83907949,,M185,PH10,,B,C,X,0943,,,43170,,ADN,101,IN,A,,,,,AUT SHIRWAL TESOG,,N04,,2,,1719012-1,PC,300,0,0,461.2,0,0.00,0,0.000,0.000,05/16/2025,07/16/2025,
1-959630-0,b-squib ca 360mm,ZFRT,,AEO,Z200,2204382411,,M249,PH10,,C,C,X,0943,,,43187,,ADN,101,IN,B,,,,,AUT SHIRWAL TESOG,,G03,,8,,1-959630-0,PC,400,0,0,1112.36,0,0.00,0,0.000,0.000,01/25/2022,02/04/2022,09/30/2025
2141043-1,"spacer,for fuse module type a",ZHLB,,AL2,Z120,50159600,,1598,PH10,,B,C,X,0943,,,43059,,AL2,101,HU,A,,,,,AUT SHIRWAL TESOG,,127,,,,2141043-1,PC,339,0,0,57.14,0,0.00,0,0.000,0.000,02/12/2024,04/02/2025,
2314183-1,"hall,sensor complete,p628",ZFRT,,AEO,Z200,82336940,,YC43,PH10,,B,X,N,0943,,,42262,,ADN,305,IN,A,,,,,AUT SHIRWAL TESOG,,P74,,,,2314183-1,PC,"2,400",0,0,4523.58,0,0.00,0,0.000,0.000,04/25/2025,07/03/2025,
1-1718624-2,2 pos hsg amp mcp 2.8 assy,ZFRT,,AEO,Z100,80684777,,M105,PH10,,B,C,N,0943,,,43104,,ADN,101,IN,C,,,,,AUT SHIRWAL TESOG,,N10,,2,,1-1718624-2,PC,"1,000",0,0,163.55,0,0.00,0,0.000,0.000,04/08/2025,06/10/2025,
144909-1,sealing for 9w jpt conn,ZFRT,,AL2,Z200,47571403,,M289,PH10,,C,C,N,0943,,,43186,,AL2,101,FR,A,,,,,AUT SHIRWAL TESOG,,N03,,,,144909-1,PC,"4,230",0,0,229.12,0,0.00,0,0.000,0.000,10/22/2023,05/10/2024,
1719040-1,8pos get male connector w. 3 sb's,ZFRT,,AEO,Z130,82679880,,M634,PH10,,A,C,X,0943,,,43071,,ADN,101,IN,B,,,,,AUT SHIRWAL TESOG,,NAA,,2,,1719040-1,PC,432,0,0,315.5,0,0.00,0,0.000,0.000,04/30/2025,07/11/2025,
2-2141359-6,"cover,codings cover,code",ZFRT,,AND,Z200,74845614,,M269,PH10,,C,C,N,0943,,,41393,,AND,101,CZ,E,,,,,AUT KURIM TESOG,,P07,,,,2-2141359-6,PC,"47,952",0,0,2529.25,0,0.00,0,0.000,0.000,01/05/2025,07/02/2025,
144908-1,slide for 9p jpt hsg,ZHLB,,AL2,Z200,47621716,,M289,PH10,,C,C,N,0943,,,43186,,AL2,101,HU,C,,,,,AUT SHIRWAL TESOG,,N03,,,,144908-1,PC,"1,600",0,0,162.44,0,0.00,0,0.000,0.000,11/26/2023,08/06/2024,
1719261-7,1 pos fakra ii plug hsg codg free,ZFRT,,AEO,Z120,83769799,,W767,PH10,,C,C,X,0943,,,41396,,ADN,101,IN,C,,,,,AUT SHIRWAL TESOG,,P08,,2,,1719261-7,PC,"9,600",0,0,521.18,0,0.00,0,0.000,0.000,05/17/2025,07/24/2025,
2317939-1,"10pos,econoseal,rec hsg assy,sld,cod 1",ZFRT,,ADO,Z200,82806586,,M099,PH10,,B,C,N,0943,,,43098,,ADN,101,IN,A,,,,,AUT SHIRWAL TESOG,,N34,,1,,2317939-1,PC,"2,400",0,0,895.18,0,0.00,0,0.000,0.000,05/02/2025,07/11/2025,
2378368-2,cable harness lv,ZFRT,,ADO,Z120,83762952,,M248,PH10,,A,C,N,0943,,,43058,,AEO,101,IN,C,,,,,AUT SHIRWAL TESOG,,895,,7,,2378368-2,PC,440,0,0,4017.21,"15,000",3.00,0,0.000,0.000,05/14/2025,05/21/2025,
1417688-2,immobilizer antenna mm iveco heavy truck,ZFRT,,AEO,Z200,83248625,,E951,PH10,,C,C,X,0943,,,43061,,AEO,101,IN,B,,,,,AUT SHIRWAL TESOG,,K27,,7,,1417688-2,PC,920,0,0,934.93,0,0.00,0,0.000,0.000,05/08/2025,06/05/2025,
1-2236519-1,"spacer, female housing, 80 way",ZHLB,,AL2,Z130,86977348,,M638,PH10,,A,C,N,0943,,,43069,,AL2,101,HU,E,,,,,AUT SHIRWAL TESOG,,NAC,,,,1-2236519-1,PC,"1,008",0,0,161.91,0,0.00,0,0.000,0.000,07/07/2025,07/10/2025,
1241634-1,4pos mqs rec cod z,ZFRT,,AND,Z100,88455138,,M133,PH10,,B,C,X,0943,,,43169,,AND,101,CZ,B,,,,,AUT KURIM TESOG,,N02,,1,,1241634-1,PC,"120,000",0,0,1772.9,0,0.00,0,0.000,0.000,07/30/2025,08/01/2025,
2-968217-5,4pos mqs tab cod b,ZFRT,,AND,Z120,86592621,,M133,PH10,,C,C,N,0943,,,43169,,AND,101,CZ,B,,,,,AUT KURIM TESOG,,N02,,1,,2-968217-5,PC,"24,000",0,0,813.81,0,0.00,0,0.000,0.000,07/08/2025,07/09/2025,
1-2282183-1,"cover,mqs",ZHLB,,AND,Z130,87420939,,M133,PH10,,B,C,N,0943,,,43169,,AND,101,CZ,B,,,,,AUT KURIM TESOG,,N02,,,,1-2282183-1,PC,"64,000",0,0,2172.35,0,0.00,0,0.000,0.000,07/19/2025,07/20/2025,
2317939-1,"10pos,econoseal,rec hsg assy,sld,cod 1",ZFRT,,ADO,Z200,83740116,,M099,PH10,,B,C,N,0943,,,43098,,ADN,101,IN,A,,,,,AUT SHIRWAL TESOG,,N34,,1,,2317939-1,PC,800,0,0,298.39,0,0.00,0,0.000,0.000,05/14/2025,07/28/2025,
1417688-2,immobilizer antenna mm iveco heavy truck,ZFRT,,AEO,Z200,82906336,,E951,PH10,,C,C,X,0943,,,43061,,AEO,101,IN,B,,,,,AUT SHIRWAL TESOG,,K27,,7,,1417688-2,PC,230,0,0,233.73,0,0.00,0,0.000,0.000,05/03/2025,06/05/2025,
1719040-1,8pos get male connector w. 3 sb's,ZFRT,,AEO,Z130,84198252,,M634,PH08,,A,C,X,0943,,,43071,,ADN,101,IN,B,,,,,AUT SHIRWAL TESOG,,NAA,,2,,1719040-1,PC,0,0,0,315.5,0,0.00,0,432.000,0.000,05/19/2025,07/24/2025,
2141466-1,"4pos,nanomqs,sock hsg,assy,sealed,coda",ZFRT,,ADO,Z100,83006186,,M120,PH10,,A,C,N,0943,,,43155,,ADN,101,IN,B,,,,,AUT SHIRWAL TESOG,,N54,,1,,2141466-1,PC,"3,000",0,0,741.67,0,0.00,0,0.000,0.000,05/05/2025,07/11/2025,
1-1718628-1,"amp mcp 2.8 hsg. 4pos.,ass'y",ZFRT,,AEO,Z100,82892997,,M105,PH10,,B,C,X,0943,,,43104,,ADN,101,IN,A,,,,,AUT SHIRWAL TESOG,,N10,,2,,1-1718628-1,PC,"7,700",0,0,1573.23,0,0.00,0,0.000,0.000,05/03/2025,07/16/2025,
1417688-2,immobilizer antenna mm iveco heavy truck,ZFRT,,AEO,Z200,83422964,,E951,PH10,,C,C,X,0943,,,43061,,AEO,101,IN,B,,,,,AUT SHIRWAL TESOG,,K27,,7,,1417688-2,PC,460,0,0,467.46,0,0.00,0,0.000,0.000,05/10/2025,06/05/2025,
2327326-1,usb cable assy,ZFRT,,AEO,Z200,27107618,,L495,PH10,,C,C,N,0943,,,41394,,ADN,101,IN,B,,,,,AUT SHIRWAL TESOG,,P14,,9,,2327326-1,PC,67,0,0,489.32,0,0.00,0,0.000,0.000,07/30/2020,03/12/2021,09/30/2030
2378368-2,cable harness lv,ZFRT,,ADO,Z120,85251188,,M248,PH10,,A,C,N,0943,,,43058,,AEO,101,IN,C,,,,,AUT SHIRWAL TESOG,,895,,7,,2378368-2,PC,200,0,0,1826.0,"15,000",1.00,0,0.000,0.000,06/04/2025,06/17/2025,
2-2236516-1,"80pos,0.64 gener. y,rec hsg,assy,sld",ZFRT,,ADO,Z120,83439659,,M638,PH10,,A,C,N,0943,,,43069,,ADN,101,IN,G,,,,,AUT SHIRWAL TESOG,,NAC,,2,,2-2236516-1,PC,840,0,0,1115.01,0,0.00,0,0.000,0.000,05/10/2025,07/17/2025,
1-953723-2,4w mqs  hsg brown,ZFRT,,AND,Z120,85534804,,M133,PH10,,C,C,N,0943,,,43169,,AND,101,CZ,D,,,,,AUT KURIM TESOG,,N02,,6,,1-953723-2,PC,"3,500",0,0,142.51,0,0.00,0,0.000,0.000,06/23/2025,06/23/2025,
2236956-3,6pos mqs tab cod c,ZFRT,,AND,Z100,87194603,,M133,PH10,,B,C,N,0943,,,43169,,AND,101,CZ,A,,,,,AUT KURIM TESOG,,N02,,1,,2236956-3,PC,"22,000",0,0,1167.95,0,0.00,0,0.000,0.000,07/12/2025,07/13/2025,
1-2315562-2,"10pos,tab0.64x0.64,hdr assy,180deg,sldr",ZFRT,,ADO,Z200,32P0000005,,M171,PH10,,B,C,N,0943,,,43164,,ADO,101,US,A,,,,,AUT SHIRWAL TESOG,,N60,,1,,1-2315562-2,PC,"35,532",0,0,29437.32,"40,068",89.00,0,0.000,0.000,01/15/2025,01/28/2025,
2-2236516-1,"80pos,0.64 gener. y,rec hsg,assy,sld",ZFRT,,ADO,Z120,83840757,,M638,PH10,,A,C,N,0943,,,43069,,ADN,101,IN,G,,,,,AUT SHIRWAL TESOG,,NAC,,2,,2-2236516-1,PC,"1,800",0,0,2389.3,0,0.00,0,0.000,0.000,05/15/2025,07/20/2025,
1564004-3,"6pos,tab 1.00x0.64,tab hsg,assy",ZFRT,,ADO,Z120,83550412,,M127,,,B,,N,0943,,,43166,,ADN,101,IN,A,W,,,3053696,AUT SHIRWAL TESOG,,N26,,,,,PC,"2,200",0,0,870.74,0,0.00,0,0.000,0.000,05/12/2025,07/16/2025,
2141040-1,"fuse box assy,hard wired,type a",ZFRT,,ADO,Z130,87974827,,L931,PH10,,A,C,X,0943,,,43059,,ADN,101,IN,B,,,,,AUT SHIRWAL TESOG,,127,,3,,2141040-1,PC,294,0,0,1464.32,0,0.00,0,0.000,0.000,07/16/2025,07/31/2025,
Material,material description,Material T,Long Text,CTL,MRP group,Batch #,C/N,Product Hi,Storage Lo,Storage Bi,ABC Indica,ELV ROHS,Lead Free,Plant,Vendor,Vendor Nam,CBC Code:,Prodn Supe,Purch. Gro,Profit Cen,Ctry of or,Revision L,Spl. Stock,Sales Orde,Sales Orde,Customer,Planning l,VMSS Indic,GPL Code,VSM Name,Global Por,Manufactur,Catalog No,UOM,Unrestrict,Restricted,QC Stock,,Safety Sto,SS %,Stock in t,Blocked St,Blocked St,Date of Ma,Last goods,End of lif
1952075-5,"coil,160b connector housing-type3",ZFRT,,AEO,Z130,82356603,,E951,PH10,,A,C,N,0943,,,43061,,AEO,101,IN,B,,,,,AUT SHIRWAL TESOG,,K27,,3,,1952075-5,PC,"3,105",0,0,2572.63,0,0.00,0,0.000,0.000,04/25/2025,07/03/2025,
1355881-1,mqs griffschale 6p,ZFRT,,AND,Z130,84794477,,M237,PH10,,B,C,X,0943,,,43169,,AND,101,CZ,A,,,,,AUT KURIM TESOG,,N02,,1,,1355881-1,PC,"8,000",0,0,166.62,0,0.00,0,0.000,0.000,06/11/2025,07/30/2025,
2317939-1,"10pos,econoseal,rec hsg assy,sld,cod 1",ZFRT,,ADO,Z200,82698961,,M099,PH10,,B,C,N,0943,,,43098,,ADN,101,IN,A,,,,,AUT SHIRWAL TESOG,,N34,,1,,2317939-1,PC,400,0,0,149.2,0,0.00,0,0.000,0.000,04/30/2025,07/11/2025,
2378368-2,cable harness lv,ZFRT,,ADO,Z120,85199194,,M248,PH10,,A,C,N,0943,,,43058,,AEO,101,IN,C,,,,,AUT SHIRWAL TESOG,,895,,7,,2378368-2,PC,160,0,0,1460.8,"15,000",1.00,0,0.000,0.000,06/03/2025,06/17/2025,
2236082-1,4pos mqs tab,ZFRT,,AND,Z100,87413605,,M133,PH10,,B,C,N,0943,,,43169,,AND,101,CZ,A,,,,,AUT KURIM TESOG,,N02,,1,,2236082-1,PC,"62,000",0,0,2067.56,0,0.00,0,0.000,0.000,07/16/2025,07/18/2025,
2-2236523-1,"80pos,0.64 male gen. y,tab hsg,assy,sld",ZFRT,,ADO,Z120,82532052,,M638,PH10,,A,C,N,0943,,,43069,,ADN,101,IN,G,,,,,AUT SHIRWAL TESOG,,NAC,,2,,2-2236523-1,PC,"10,656",0,0,12335.09,0,0.00,0,0.000,0.000,04/28/2025,07/17/2025,
1337245-3,hsg assy dia 1.5mm socketlatch,ZHLB,,AEO,Z120,81927699,,J653,PH10,,A,C,X,0943,,,42044,,ADN,284,IN,C,,,,,AUT SHIRWAL TESOG,,J93,,,,1337245-3,PC,"2,000",0,0,449.37,0,0.00,0,0.000,0.000,04/23/2025,07/03/2025,
1452483-1,"2 way hf plug hsg 8mm,coda",ZFRT,,AEO,Z200,38599582,,W767,PH10,,C,C,X,0943,,,41396,,ADN,101,IN,B,,,,,AUT SHIRWAL TESOG,,P08,,,,1452483-1,PC,400,0,0,29.07,0,0.00,0,0.000,0.000,05/12/2022,05/20/2022,
2236371-1,cover,ZFRT,,AND,Z130,87960713,,M237,PH10,,B,C,N,0943,,,43169,,AND,101,CZ,B,,,,,AUT KURIM TESOG,,N02,,2,,2236371-1,PC,"45,000",0,0,2384.87,0,0.00,0,0.000,0.000,07/18/2025,07/20/2025,
2141462-1,"4pos,nanomqs,rec hsg,coda",ZHLB,,AL2,Z200,79235325,,M120,PH10,,B,C,N,0943,,,43155,,AL2,101,HU,B,,,,,AUT SHIRWAL TESOG,,N54,,,,2141462-1,PC,"115,000",0,0,3359.9,0,0.00,0,0.000,0.000,03/28/2025,03/31/2025,
1-1718631-1,amp mcp 2.8 retainer 2pos.,ZHLB,,AL2,Z200,50230663,,M235,PH10,,C,C,X,0943,,,43104,,AL2,101,IN,A,,,,,AUT SHIRWAL TESOG,,N10,,7,,1-1718631-1,PC,"6,000",0,0,101.0,0,0.00,0,0.000,0.000,02/14/2024,02/28/2024,
1718326-1,"39-62pos, 5/2.8mm sec.locking",ZHLB,,AND,Z120,84785114,,J541,PH10,,C,C,X,0943,,,42020,,AND,284,CZ,A,,,,,AUT KURIM TESOG,,H94,,,,1718326-1,PC,"4,600",0,0,301.01,0,0.00,0,0.000,0.000,05/30/2025,06/01/2025,
2317939-1,"10pos,econoseal,rec hsg assy,sld,cod 1",ZFRT,,ADO,Z200,82164069,,M099,PH10,,B,C,N,0943,,,43098,,ADN,101,IN,A,,,,,AUT SHIRWAL TESOG,,N34,,1,,2317939-1,PC,"1,600",0,0,596.79,0,0.00,0,0.000,0.000,04/23/2025,06/30/2025,
1337352-1,e3 receptacle conn. assy.,ZFRT,,AEO,Z100,82326999,,J968,PH10,,A,C,X,0943,,,42054,,ADN,284,IN,E,,,,,AUT SHIRWAL TESOG,,H83,,,,1337352-1,PC,"12,000",0,0,4357.44,0,0.00,0,0.000,0.000,04/25/2025,07/10/2025,
2141359-4,"cover,codings cover,codc",ZHLB,,AND,Z200,39694445,,M269,PH10,,C,C,N,0943,,,41393,,AND,101,CZ,E,,,,,AUT KURIM TESOG,,P07,,,,2141359-4,PC,"1,599",0,0,105.06,0,0.00,0,0.000,0.000,07/25/2022,07/02/2025,
1719040-1,8pos get male connector w. 3 sb's,ZFRT,,AEO,Z130,83797789,,M634,PH10,,A,C,X,0943,,,43071,,ADN,101,IN,B,,,,,AUT SHIRWAL TESOG,,NAA,,2,,1719040-1,PC,"1,296",0,0,946.5,0,0.00,0,0.000,0.000,05/15/2025,07/24/2025,
2177305-3,"30pos, mixed,rec hsg,mqs/amp mcp2.8",ZFRT,,AND,Z100,85535466,,Y297,,,A,,N,0943,,,43066,,AND,101,CZ,B,W,,,3052025,AUT KURIM TESOG,,AG8,,,,,PC,500,0,0,57.27,0,0.00,0,0.000,0.000,06/22/2025,07/17/2025,
2378368-2,cable harness lv,ZFRT,,ADO,Z120,87092775,,M248,PH10,,A,C,N,0943,,,43058,,AEO,101,IN,C,,,,,AUT SHIRWAL TESOG,,895,,7,,2378368-2,PC,200,0,0,1826.0,"15,000",1.00,0,0.000,0.000,07/02/2025,07/17/2025,
2317939-1,"10pos,econoseal,rec hsg assy,sld,cod 1",ZFRT,,ADO,Z200,83550033,,M099,PH10,,B,C,N,0943,,,43098,,ADN,101,IN,A,,,,,AUT SHIRWAL TESOG,,N34,,1,,2317939-1,PC,"4,800",0,0,1790.37,0,0.00,0,0.000,0.000,05/12/2025,07/16/2025,
Material,material description,Material T,Long Text,CTL,MRP group,Batch #,C/N,Product Hi,Storage Lo,Storage Bi,ABC Indica,ELV ROHS,Lead Free,Plant,Vendor,Vendor Nam,CBC Code:,Prodn Supe,Purch. Gro,Profit Cen,Ctry of or,Revision L,Spl. Stock,Sales Orde,Sales Orde,Customer,Planning l,VMSS Indic,GPL Code,VSM Name,Global Por,Manufactur,Catalog No,UOM,Unrestrict,Restricted,QC Stock,,Safety Sto,SS %,Stock in t,Blocked St,Blocked St,Date of Ma,Last goods,End of lif
1534775-1,4pos mixed mqs rec,ZFRT,,AND,Z200,68805101,,M626,PH10,,C,C,X,0943,,,43081,,AND,101,CZ,B,,,,,AUT KURIM TESOG,,NA9,,8,,1534775-1,PC,"1,500",0,0,139.86,0,0.00,0,0.000,0.000,10/17/2024,10/18/2024,09/30/2032
1718633-1,cpa for amp mcp 2.8,ZHLB,,AL2,Z200,49239509,,M235,PH10,,C,C,X,0943,,,43104,,AL2,101,IN,B,,,,,AUT SHIRWAL TESOG,,N10,,7,,1718633-1,PC,"11,254",0,0,106.26,0,0.00,0,0.000,0.000,01/05/2024,05/27/2024,
2-1452726-3,2way plug conn. 8mm pitch,ZFRT,,AEO,Z200,79709698,,W767,PH10,,C,C,X,0943,,,41396,,ADN,101,IN,B,,,,,AUT SHIRWAL TESOG,,P08,,7,,2-1452726-3,PC,"9,600",0,0,744.84,0,0.00,0,0.000,0.000,03/26/2025,05/30/2025,
1745078-2,amp mcp 2.8k - rec. assy,ZFRT,,AEO,Z200,83802719,,M105,PH10,,A,C,X,0943,,,43104,,ADN,101,IN,A,,,,,AUT SHIRWAL TESOG,,N10,,2,,1745078-2,PC,"2,800",0,0,1172.78,0,0.00,0,0.000,0.000,05/20/2025,08/01/2025,
2-1452726-8,2way plug conn. pitch 8mm fakra 2,ZFRT,,AEO,Z100,85312494,,W767,PH10,,B,C,X,0943,,,41396,,ADN,101,IN,B,,,,,AUT SHIRWAL TESOG,,P08,,,,2-1452726-8,PC,"2,400",0,0,180.04,0,0.00,0,0.000,0.000,06/05/2025,07/28/2025,
1-968696-3,4pos mqs tab cod a,ZFRT,,AND,Z100,87374366,,M133,PH10,,B,C,N,0943,,,43169,,AND,101,CZ,C,,,,,AUT KURIM TESOG,,N02,,1,,1-968696-3,PC,"67,500",0,0,2654.21,0,0.00,0,0.000,0.000,07/12/2025,07/16/2025,
2317939-1,"10pos,econoseal,rec hsg assy,sld,cod 1",ZFRT,,ADO,Z200,16796784,,M099,PH08,,B,C,N,0943,,,43098,,ADN,101,,A,,,,,AUT SHIRWAL TESOG,,N34,,1,,2317939-1,PC,800,0,0,298.39,0,0.00,0,0.000,0.000,06/19/2018,06/22/2018,
2-1452726-6,2way plug conn. 8mm pitch,ZFRT,,AEO,Z200,47142565,,W767,PH10,,C,C,X,0943,,,41396,,ADN,101,IN,B,,,,,AUT SHIRWAL TESOG,,P08,,7,,2-1452726-6,PC,"2,400",0,0,185.58,0,0.00,0,0.000,0.000,09/29/2023,01/02/2024,
2317939-1,"10pos,econoseal,rec hsg assy,sld,cod 1",ZFRT,,ADO,Z200,83006181,,M099,PH10,,B,C,N,0943,,,43098,,ADN,101,IN,A,,,,,AUT SHIRWAL TESOG,,N34,,1,,2317939-1,PC,"2,000",0,0,745.99,0,0.00,0,0.000,0.000,05/05/2025,07/16/2025,
2177305-3,"30pos, mixed,rec hsg,mqs/amp mcp2.8",ZFRT,,AND,Z100,88118963,,Y297,PH10,,A,C,N,0943,,,43066,,AND,101,CZ,B,,,,,AUT KURIM TESOG,,AG8,,1,,2177305-3,PC,"105,000",0,0,12026.42,0,0.00,0,0.000,0.000,07/24/2025,07/31/2025,
1952075-5,"coil,160b connector housing-type3",ZFRT,,AEO,Z130,82280670,,E951,PH10,,A,C,N,0943,,,43061,,AEO,101,IN,B,,,,,AUT SHIRWAL TESOG,,K27,,3,,1952075-5,PC,"1,080",0,0,894.83,0,0.00,0,0.000,0.000,04/24/2025,07/03/2025,
1-2302456-3,"6-port matenet frame, utp, cod c",ZHLB,,AND,Z100,86738214,,EF21,PH10,,B,C,N,0943,,,41393,,AND,101,CZ,A,,,,,AUT KURIM TESOG,,P06,,,,1-2302456-3,PC,"2,000",0,0,153.81,0,0.00,0,0.000,0.000,06/30/2025,07/14/2025,
1452527-2,mqs retainerplate for 16pos,ZFRT,,AL2,Z200,2134M71103,,M237,PH10,,C,C,X,0943,,,43169,,AL2,101,DE,A,,,,,AUT SHIRWAL TESOG,,N02,,,,1452527-2,PC,"5,000",0,0,501.19,0,0.00,0,0.000,0.000,11/03/2017,05/02/2023,
1-2332125-1,"cover,charging inlet ccs, 95sqmm, left",ZFRT,,AND,Z100,84936203,,J880,PH10,,B,C,N,0943,,,14003,,AND,278,CZ,A,,,,,AUT KURIM TESOG,,P27,,,,1-2332125-1,PC,630,0,0,763.84,0,0.00,0,0.000,0.000,06/15/2025,06/17/2025,
2066182-1,6 cyl injector cable assy with jacobs,ZFRT,,AEO,Z120,86844437,,J620,NR10,,C,L,X,0493,,,42028,,ADN,284,IN,K,,,,,AUT SHIRWAL TESOG,,J21,,7,,2066182-1,PC,40,0,0,598.66,0,0.00,0,0.000,0.000,06/30/2025,07/18/2025,
1452725-4,2way jack conn. 8mm pitch,ZFRT,,AEO,Z200,65952854,,W767,PH08,,C,C,X,0943,,,41396,,ADN,101,IN,B,,,,,AUT SHIRWAL TESOG,,P08,,,,1452725-4,PC,0,0,0,473.59,0,0.00,0,"6,000.000",0.000,09/04/2024,09/17/2024,
1719068-1,"cover,6pos",ZFRT,,AND,Z130,88131052,,M237,PH10,,B,C,X,0943,,,43169,,AND,101,CZ,A,,,,,AUT KURIM TESOG,,N02,,2,,1719068-1,PC,"49,000",0,0,1490.49,0,0.00,0,0.000,0.000,07/20/2025,07/23/2025,
2177306-3,21pos mixed mqs rec,ZFRT,,AND,Z100,87374370,,Y297,PH10,,B,C,N,0943,,,43066,,AND,101,CZ,B,,,,,AUT KURIM TESOG,,AG8,,1,,2177306-3,PC,"39,600",0,0,3021.82,0,0.00,0,0.000,0.000,07/10/2025,07/31/2025,
1719040-1,8pos get male connector w. 3 sb's,ZFRT,,AEO,Z130,82839183,,M634,PH10,,A,C,X,0943,,,43071,,ADN,101,IN,B,,,,,AUT SHIRWAL TESOG,,NAA,,2,,1719040-1,PC,"1,296",0,0,946.5,0,0.00,0,0.000,0.000,05/02/2025,07/11/2025,
2327326-2,usb cable assy,ZFRT,,AEO,Z200,27958035,,L495,PH10,,C,C,N,0943,,,41394,,ADN,101,IN,A,,,,,AUT SHIRWAL TESOG,,P14,,9,,2327326-2,PC,10,0,0,78.98,0,0.00,0,0.000,0.000,09/25/2020,03/19/2021,09/30/2030
1952075-5,"coil,160b connector housing-type3",ZFRT,,AEO,Z130,82711616,,E951,PH10,,A,C,N,0943,,,43061,,AEO,101,IN,B,,,,,AUT SHIRWAL TESOG,,K27,,3,,1952075-5,PC,270,0,0,223.71,0,0.00,0,0.000,0.000,04/30/2025,06/11/2025,
2-1452726-8,2way plug conn. pitch 8mm fakra 2,ZFRT,,AEO,Z100,82532037,,W767,PH10,,B,C,X,0943,,,41396,,ADN,101,IN,B,,,,,AUT SHIRWAL TESOG,,P08,,,,2-1452726-8,PC,"7,200",0,0,540.12,0,0.00,0,0.000,0.000,04/28/2025,07/15/2025,
1719040-1,8pos get male connector w. 3 sb's,ZFRT,,AEO,Z130,83654735,,M634,PH10,,A,C,X,0943,,,43071,,ADN,101,IN,B,,,,,AUT SHIRWAL TESOG,,NAA,,2,,1719040-1,PC,432,0,0,315.5,0,0.00,0,0.000,0.000,05/13/2025,07/17/2025,
1718633-1,cpa for amp mcp 2.8,ZHLB,,AL2,Z200,49589020,,M235,PH10,,C,C,X,0943,,,43104,,AL2,101,IN,B,,,,,AUT SHIRWAL TESOG,,N10,,7,,1718633-1,PC,"25,000",0,0,236.03,0,0.00,0,0.000,0.000,01/22/2024,04/10/2024,
1337352-1,e3 receptacle conn. assy.,ZFRT,,AEO,Z100,83894669,,J968,PH10,,A,C,X,0943,,,42054,,ADN,284,IN,E,,,,,AUT SHIRWAL TESOG,,H83,,,,1337352-1,PC,"24,000",0,0,8714.89,0,0.00,0,0.000,0.000,05/16/2025,08/01/2025,
1337352-1,e3 receptacle conn. assy.,ZFRT,,AEO,Z100,84537393,,J968,PH08,,A,C,X,0943,,,42054,,ADN,284,IN,E,,,,,AUT SHIRWAL TESOG,,H83,,,,1337352-1,PC,0,0,0,435.74,0,0.00,0,"1,200.000",0.000,05/23/2025,08/01/2025,
2307893-2,squib harness with horn and mfl,ZFRT,,AEO,Z120,82532050,,L728,PH10,,C,C,N,0943,,,43058,,ADN,101,IN,A,,,,,AUT SHIRWAL TESOG,,895,,3,,2307893-2,PC,240,0,0,623.19,"1,440",17.00,0,0.000,0.000,04/30/2025,07/20/2025,
2-1452726-2,2way plug conn. 8mm pitch,ZFRT,,AEO,Z120,83769797,,W767,PH10,,C,C,X,0943,,,41396,,ADN,101,IN,B,,,,,AUT SHIRWAL TESOG,,P08,,,,2-1452726-2,PC,"19,200",0,0,1585.1,"33,600",57.00,0,0.000,0.000,05/15/2025,07/24/2025,
2317939-1,"10pos,econoseal,rec hsg assy,sld,cod 1",ZFRT,,ADO,Z200,84189909,,M099,PH10,,B,C,N,0943,,,43098,,ADN,101,IN,A,,,,,AUT SHIRWAL TESOG,,N34,,1,,2317939-1,PC,800,0,0,298.39,0,0.00,0,0.000,0.000,05/19/2025,07/28/2025,
2141466-3,"4pos,nanomqs,rec hsg,sld,cod c",ZFRT,,AEO,Z120,74185737,,M120,PH10,,C,C,N,0943,,,43155,,ADN,101,IN,A,,,,,AUT SHIRWAL TESOG,,N54,,1,,2141466-3,PC,"6,000",0,0,1490.97,0,0.00,0,0.000,0.000,,03/05/2025,
2141466-1,"4pos,nanomqs,sock hsg,assy,sealed,coda",ZFRT,,ADO,Z100,81620169,,M120,PH10,,A,C,N,0943,,,43155,,ADN,101,IN,B,,,,,AUT SHIRWAL TESOG,,N54,,1,,2141466-1,PC,"6,000",0,0,1483.35,0,0.00,0,0.000,0.000,04/18/2025,06/19/2025,
1952025-1,"speed sensor, version 1",ZFRT,,AEO,Z120,79391106,,YC44,PH10,,B,L,N,0943,,,42265,,ADN,305,IN,D,,,,,AUT SHIRWAL TESOG,,AK3,,,,1952025-1,PC,600,0,0,3023.96,0,0.00,0,0.000,0.000,03/21/2025,05/22/2025,
2141462-3,"4pos,nanomqs,rec hsg,cod c",ZHLB,,AL2,Z200,63284328,,M120,PH10,,C,C,N,0943,,,43155,,AL2,101,HU,A,,,,,AUT SHIRWAL TESOG,,N54,,,,2141462-3,PC,"70,000",0,0,2110.04,"90,000",78.00,0,0.000,0.000,08/23/2024,02/28/2025,
1952025-1,"speed sensor, version 1",ZFRT,,AEO,Z120,67242273,,YC44,PH10,,B,L,N,0943,,,42265,,ADN,305,IN,D,,,,,AUT SHIRWAL TESOG,,AK3,,,,1952025-1,PC,600,0,0,3023.96,0,0.00,0,0.000,0.000,09/20/2024,11/29/2024,
Material,material description,Material T,Long Text,CTL,MRP group,Batch #,C/N,Product Hi,Storage Lo,Storage Bi,ABC Indica,ELV ROHS,Lead Free,Plant,Vendor,Vendor Nam,CBC Code:,Prodn Supe,Purch. Gro,Profit Cen,Ctry of or,Revision L,Spl. Stock,Sales Orde,Sales Orde,Customer,Planning l,VMSS Indic,GPL Code,VSM Name,Global Por,Manufactur,Catalog No,UOM,Unrestrict,Restricted,QC Stock,,Safety Sto,SS %,Stock in t,Blocked St,Blocked St,Date of Ma,Last goods,End of lif
1719040-1,8pos get male connector w. 3 sb's,ZFRT,,AEO,Z130,83240258,,M634,PH10,,A,C,X,0943,,,43071,,ADN,101,IN,B,,,,,AUT SHIRWAL TESOG,,NAA,,2,,1719040-1,PC,"1,296",0,0,946.5,0,0.00,0,0.000,0.000,05/08/2025,07/11/2025,
144907-1,9p module hsg for jpt,ZHLB,,AL2,Z200,47920584,,M289,PH10,,C,C,N,0943,,,43186,,AL2,101,HU,D,,,,,AUT SHIRWAL TESOG,,N03,,,,144907-1,PC,"16,200",0,0,2526.54,0,0.00,0,0.000,0.000,11/06/2023,05/16/2024,
2141494-6,"1pos,contact kit,rec hsg,assy,codf",ZFRT,,AEO,Z120,82904084,,W767,PH10,,B,C,N,0943,,,41396,,ADN,101,IN,A,,,,,AUT SHIRWAL TESOG,,P08,,9,,2141494-6,PC,"9,600",0,0,714.11,0,0.00,0,0.000,0.000,05/05/2025,07/11/2025,09/30/2036
2236216-4,"1pos,fakra ii,plug,rec hsg,assy,codd",ZFRT,,AEO,Z120,84288204,,W767,PH10,,B,C,N,0943,,,41396,,ADN,101,IN,A1,,,,,AUT SHIRWAL TESOG,,P08,,,,2236216-4,PC,"14,400",0,0,978.21,0,0.00,0,0.000,0.000,05/20/2025,08/01/2025,
1-2236519-1,"spacer, female housing, 80 way",ZHLB,,AL2,Z130,87137922,,M638,PH10,,A,C,N,0943,,,43069,,AL2,101,HU,E,,,,,AUT SHIRWAL TESOG,,NAC,,,,1-2236519-1,PC,"4,284",0,0,688.13,0,0.00,0,0.000,0.000,07/12/2025,07/15/2025,
1-235467-2,"dia11 lockable squib ca,code b, l=1325mm",ZFRT,,AL2,Z200,2146238958,,L805,PH10,,C,C,X,0943,,,43187,,AL2,101,IN,B,,,,,AUT SHIRWAL TESOG,,G03,,7,,1-235467-2,PC,"2,000",0,0,1444.23,0,0.00,0,0.000,0.000,11/15/2021,12/22/2021,
2307893-3,horn harness with mfl,ZFRT,,AEO,Z130,80404445,,L728,PH10,,B,C,N,0943,,,43058,,ADN,101,IN,A,,,,,AUT SHIRWAL TESOG,,895,,3,,2307893-3,PC,"2,400",0,0,4529.08,"9,360",26.00,0,0.000,0.000,04/07/2025,07/01/2025,
1-2315562-1,"10pos,tab0.64x0.64,hdr assy,180deg,sldr",ZFRT,,ADO,Z200,0229147281,,M171,PH10,,C,C,N,0943,,,43164,,ADO,101,US,A,,,,,AUT SHIRWAL TESOG,,N60,,1,,1-2315562-1,PC,756,0,0,614.77,"40,068",2.00,0,0.000,0.000,01/24/2024,02/05/2024,
1-1718624-2,2 pos hsg amp mcp 2.8 assy,ZFRT,,AEO,Z100,80808515,,M105,PH10,,B,C,N,0943,,,43104,,ADN,101,IN,C,,,,,AUT SHIRWAL TESOG,,N10,,2,,1-1718624-2,PC,"3,000",0,0,490.64,0,0.00,0,0.000,0.000,,06/10/2025,
1452859-1,2 way mcp blanking cover,ZFRT,,AND,Z120,85210878,,M235,PH10,,C,C,X,0943,,,43104,,AND,101,CZ,C,,,,,AUT KURIM TESOG,,N10,,2,,1452859-1,PC,"6,000",0,0,2104.89,0,0.00,0,0.000,0.000,06/07/2025,06/08/2025,
1452861-1,8 way mqs blanking cover,ZFRT,,AND,Z120,83588919,,M237,PH10,,C,C,X,0943,,,43169,,AND,101,CZ,C,,,,,AUT KURIM TESOG,,N02,,2,,1452861-1,PC,"6,000",0,0,2015.91,0,0.00,0,0.000,0.000,05/16/2025,05/19/2025,
2307893-3,horn harness with mfl,ZFRT,,AEO,Z130,76930254,,L728,PH10,,B,C,N,0943,,,43058,,ADN,101,IN,A,,,,,AUT SHIRWAL TESOG,,895,,3,,2307893-3,PC,"1,200",0,0,2264.54,"9,360",13.00,0,0.000,0.000,02/12/2025,05/15/2025,
1718633-1,cpa for amp mcp 2.8,ZHLB,,AL2,Z200,49603222,,M235,PH10,,C,C,X,0943,,,43104,,AL2,101,IN,B,,,,,AUT SHIRWAL TESOG,,N10,,7,,1718633-1,PC,"25,000",0,0,236.03,0,0.00,0,0.000,0.000,01/22/2024,02/16/2024,
2-2236516-1,"80pos,0.64 gener. y,rec hsg,assy,sld",ZFRT,,ADO,Z120,87243378,,M638,PH10,,A,C,N,0943,,,43069,,ADN,101,IN,G,,,,,AUT SHIRWAL TESOG,,NAC,,2,,2-2236516-1,PC,420,0,0,557.51,0,0.00,0,0.000,0.000,07/05/2025,07/17/2025,
1-968699-1,2pos mqs tab cod a,ZFRT,,AND,Z100,87194257,,M133,PH10,,B,C,X,0943,,,43169,,AND,101,CZ,B,,,,,AUT KURIM TESOG,,N02,,1,,1-968699-1,PC,"15,000",0,0,251.31,0,0.00,0,0.000,0.000,07/16/2025,07/19/2025,
2177306-3,21pos mixed mqs rec,ZFRT,,AND,Z100,87374370,,Y297,,,B,,N,0943,,,43066,,AND,101,CZ,B,W,,,3053696,AUT KURIM TESOG,,AG8,,,,,PC,"1,200",0,0,91.57,0,0.00,0,0.000,0.000,07/10/2025,07/31/2025,
1802677-1,"protection cap/cvr,dc,rhd",ZHLB,,AND,Z130,84183874,,J880,PH10,,B,C,N,0943,,,14003,,AND,278,CZ,B,,,,,AUT KURIM TESOG,,P27,,7,,1802677-1,PC,520,0,0,307.89,0,0.00,0,0.000,0.000,05/27/2025,05/30/2025,
2-2236516-1,"80pos,0.64 gener. y,rec hsg,assy,sld",ZFRT,,ADO,Z120,87230881,,M638,PH10,,A,C,N,0943,,,43069,,ADN,101,IN,G,,,,,AUT SHIRWAL TESOG,,NAC,,2,,2-2236516-1,PC,780,0,0,1035.36,0,0.00,0,0.000,0.000,07/05/2025,07/17/2025,
1-968581-2,18pos mqs tab cod a,ZFRT,,AND,Z130,86233594,,M133,PH10,,B,C,X,0943,,,43169,,AND,101,CZ,A,,,,,AUT KURIM TESOG,,N02,,1,,1-968581-2,PC,"23,500",0,0,4017.87,0,0.00,0,0.000,0.000,07/11/2025,07/29/2025,
1-1718628-1,"amp mcp 2.8 hsg. 4pos.,ass'y",ZFRT,,AEO,Z100,83002835,,M105,PH10,,B,C,X,0943,,,43104,,ADN,101,IN,A,,,,,AUT SHIRWAL TESOG,,N10,,2,,1-1718628-1,PC,"7,000",0,0,1430.21,0,0.00,0,0.000,0.000,05/05/2025,07/16/2025,
1564004-3,"6pos,tab 1.00x0.64,tab hsg,assy",ZFRT,,ADO,Z120,78890265,,M127,,,B,,N,0943,,,43166,,ADN,101,IN,A,W,,,3052025,AUT SHIRWAL TESOG,,N26,,,,,PC,"1,100",0,0,435.38,0,0.00,0,0.000,0.000,,05/16/2025,
1952025-1,"speed sensor, version 1",ZFRT,,AEO,Z120,79936774,,YC44,PH10,,B,L,N,0943,,,42265,,ADN,305,IN,D,,,,,AUT SHIRWAL TESOG,,AK3,,,,1952025-1,PC,"1,200",0,0,6047.93,0,0.00,0,0.000,0.000,04/25/2025,07/03/2025,
1802646-1,"strain relief,charge inlet,ac",ZFRT,,AND,Z130,86530777,,J880,PH10,,C,C,N,0943,,,14003,,AND,278,CZ,B,,,,,AUT KURIM TESOG,,P27,,,,1802646-1,PC,"4,000",0,0,732.16,0,0.00,0,0.000,0.000,06/27/2025,06/28/2025,
1718633-1,cpa for amp mcp 2.8,ZHLB,,AL2,Z200,49222461,,M235,PH10,,C,C,X,0943,,,43104,,AL2,101,IN,B,,,,,AUT SHIRWAL TESOG,,N10,,7,,1718633-1,PC,"15,975",0,0,150.82,0,0.00,0,0.000,0.000,01/05/2024,04/10/2024,
2236956-2,6pos mqs tab cod b,ZFRT,,AND,Z100,85205939,,M133,PH10,,B,C,N,0943,,,43169,,AND,101,CZ,A,,,,,AUT KURIM TESOG,,N02,,2,,2236956-2,PC,"1,000",0,0,49.98,0,0.00,0,0.000,0.000,06/09/2025,06/13/2025,
1719040-1,8pos get male connector w. 3 sb's,ZFRT,,AEO,Z130,83443046,,M634,PH10,,A,C,X,0943,,,43071,,ADN,101,IN,B,,,,,AUT SHIRWAL TESOG,,NAA,,2,,1719040-1,PC,432,0,0,315.5,0,0.00,0,0.000,0.000,05/10/2025,07/17/2025,
144906-5,9p sealed conn. for jpt,ZHLB,,AL2,Z200,48082381,,M289,PH10,,C,C,N,0943,,,43186,,AL2,101,HU,C,,,,,AUT SHIRWAL TESOG,,N03,,,,144906-5,PC,"1,600",0,0,268.46,0,0.00,0,0.000,0.000,11/21/2023,08/06/2024,
2-1452726-1,2way plug conn. 8mm pitch,ZFRT,,AEO,Z120,80905780,,W767,PH10,,B,C,X,0943,,,41396,,ADN,101,IN,B,,,,,AUT SHIRWAL TESOG,,P08,,,,2-1452726-1,PC,"24,000",0,0,1926.28,"28,800",83.00,0,0.000,0.000,04/11/2025,06/20/2025,
2-2236516-1,"80pos,0.64 gener. y,rec hsg,assy,sld",ZFRT,,ADO,Z120,83550495,,M638,PH10,,A,C,N,0943,,,43069,,ADN,101,IN,G,,,,,AUT SHIRWAL TESOG,,NAC,,2,,2-2236516-1,PC,60,0,0,79.64,0,0.00,0,0.000,0.000,05/12/2025,07/17/2025,
1719040-1,8pos get male connector w. 3 sb's,ZFRT,,AEO,Z130,83268125,,M634,PH10,,A,C,X,0943,,,43071,,ADN,101,IN,B,,,,,AUT SHIRWAL TESOG,,NAA,,2,,1719040-1,PC,432,0,0,315.5,0,0.00,0,0.000,0.000,05/08/2025,07/11/2025,
1-1718624-2,2 pos hsg amp mcp 2.8 assy,ZFRT,,AEO,Z100,80684599,,M105,PH10,,B,C,N,0943,,,43104,,ADN,101,IN,C,,,,,AUT SHIRWAL TESOG,,N10,,2,,1-1718624-2,PC,"2,000",0,0,327.09,0,0.00,0,0.000,0.000,04/08/2025,06/10/2025,
1718634-1,amp mcp 2.8 hsg. 3pos.,ZHLB,,AL2,Z200,44111410,,M131,PH10,,C,C,X,0943,,,43104,,AL2,101,HU,B,,,,,AUT SHIRWAL TESOG,,N10,,7,,1718634-1,PC,"22,880",0,0,1393.76,0,0.00,0,0.000,0.000,04/16/2023,03/08/2024,
2066147-8,"1pos,dia 4mm con,cable assy(grey/yellow)",ZFRT,,AEO,Z200,14769516,,4178,PH10,,C,X,N,0943,,,43058,,ADN,101,IN,A,,,,,AUT SHIRWAL TESOG,,895,,8,,2066147-8,PC,400,0,0,493.01,0,0.00,0,0.000,0.000,11/15/2017,02/26/2021,09/30/2035
2-1452726-8,2way plug conn. pitch 8mm fakra 2,ZFRT,,AEO,Z100,86849589,,W767,PH10,,B,C,X,0943,,,41396,,ADN,101,IN,B,,,,,AUT SHIRWAL TESOG,,P08,,,,2-1452726-8,PC,"7,200",0,0,540.12,0,0.00,0,0.000,0.000,06/28/2025,07/16/2025,
2378368-2,cable harness lv,ZFRT,,ADO,Z120,87133049,,M248,PH10,,A,C,N,0943,,,43058,,AEO,101,IN,C,,,,,AUT SHIRWAL TESOG,,895,,7,,2378368-2,PC,200,0,0,1826.0,"15,000",1.00,0,0.000,0.000,07/03/2025,07/17/2025,
1802637-1,"protection cap/cvr,dc,lhd",ZHLB,,AND,Z130,88455139,,J880,PH10,,B,C,N,0943,,,14003,,AND,278,CZ,B,,,,,AUT KURIM TESOG,,P27,,7,,1802637-1,PC,"9,880",0,0,6180.57,0,0.00,0,0.000,0.000,07/24/2025,07/27/2025,
1203972-1,x91 ptc system - lhd,ZFRT,,AEO,Z200,0683410115,,L727,PH10,,C,C,X,0943,,,43058,,AEO,101,IN,M3,,,,,AUT SHIRWAL TESOG,,895,,8,,1203972-1,PC,448,0,0,2924.9,0,0.00,0,0.000,0.000,01/15/2015,04/15/2021,09/30/2030
2141466-1,"4pos,nanomqs,sock hsg,assy,sealed,coda",ZFRT,,ADO,Z100,80860731,,M120,PH10,,A,C,N,0943,,,43155,,ADN,101,IN,B,,,,,AUT SHIRWAL TESOG,,N54,,1,,2141466-1,PC,"6,000",0,0,1483.35,0,0.00,0,0.000,0.000,,06/20/2025,
1564004-3,"6pos,tab 1.00x0.64,tab hsg,assy",ZFRT,,ADO,Z120,79472331,,M127,,,B,,N,0943,,,43166,,ADN,101,IN,A,W,,,3052025,AUT SHIRWAL TESOG,,N26,,,,,PC,"1,100",0,0,435.38,0,0.00,0,0.000,0.000,,05/22/2025,
2141462-1,"4pos,nanomqs,rec hsg,coda",ZHLB,,AL2,Z200,79012887,,M120,PH10,,B,C,N,0943,,,43155,,AL2,101,HU,B,,,,,AUT SHIRWAL TESOG,,N54,,,,2141462-1,PC,"85,000",0,0,2483.41,0,0.00,0,0.000,0.000,03/21/2025,07/19/2025,
1719040-1,8pos get male connector w. 3 sb's,ZFRT,,AEO,Z130,83848423,,M634,PH10,,A,C,X,0943,,,43071,,ADN,101,IN,B,,,,,AUT SHIRWAL TESOG,,NAA,,2,,1719040-1,PC,432,0,0,315.5,0,0.00,0,0.000,0.000,05/15/2025,07/24/2025,
1719040-1,8pos get male connector w. 3 sb's,ZFRT,,AEO,Z130,84017549,,M634,PH10,,A,C,X,0943,,,43071,,ADN,101,IN,B,,,,,AUT SHIRWAL TESOG,,NAA,,2,,1719040-1,PC,"2,160",0,0,1577.5,0,0.00,0,0.000,0.000,05/17/2025,07/24/2025,
1-1718631-1,amp mcp 2.8 retainer 2pos.,ZHLB,,AL2,Z200,50196123,,M235,PH10,,C,C,X,0943,,,43104,,AL2,101,IN,A,,,,,AUT SHIRWAL TESOG,,N10,,7,,1-1718631-1,PC,"6,000",0,0,101.0,0,0.00,0,0.000,0.000,02/13/2024,02/28/2024,
1564004-1,"6pos,tab 1.00x0.64,tab hsg,3sb,assy",ZFRT,,ADO,Z120,79851525,,M127,,,C,,X,0943,,,43166,,ADN,101,IN,A,W,,,3053696,AUT SHIRWAL TESOG,,N26,,,,,PC,"1,100",0,0,650.1,0,0.00,0,0.000,0.000,,05/25/2025,
2236305-1,cover fam. seal mcon 0.5 cb,ZHLB,,AND,Z100,88542587,,M721,PH10,,B,C,N,0943,,,43075,,AND,101,CZ,B,,,,,AUT KURIM TESOG,,NAY,,7,,2236305-1,PC,"89,700",0,0,4732.29,0,0.00,0,0.000,0.000,07/27/2025,07/30/2025,
1452861-1,8 way mqs blanking cover,ZFRT,,AND,Z120,52554568,,M237,,,C,,X,0943,,,43169,,AND,101,CZ,C,W,,,3052025,AUT KURIM TESOG,,N02,,,,,PC,"4,000",0,0,1343.94,0,0.00,0,0.000,0.000,05/06/2024,05/09/2024,
2307893-2,squib harness with horn and mfl,ZFRT,,AEO,Z120,86954556,,L728,PH10,,C,C,N,0943,,,43058,,ADN,101,IN,A,,,,,AUT SHIRWAL TESOG,,895,,3,,2307893-2,PC,480,0,0,1246.39,"1,440",33.00,0,0.000,0.000,06/30/2025,07/10/2025,
144995-5,jpt 9 w seal conn assy,ZFRT,,ADO,Z200,32218726,,M106,PH10,,C,C,N,0943,,,43124,,ADN,101,HU,B,,,,,AUT SHIRWAL TESOG,,N06,,2,,144995-5,PC,330,0,0,288.59,0,0.00,0,0.000,0.000,05/01/2021,12/22/2023,
1-344263-2,13 way rec hsg. nbr. sealecono,ZFRT,,ADO,Z120,51742110,,M099,PH10,,C,C,X,0943,,,43098,,ADN,101,HU,J,,,,,AUT SHIRWAL TESOG,,N34,,3,,1-344263-2,PC,"1,200",0,0,572.45,0,0.00,0,0.000,0.000,04/17/2024,04/18/2024,
1337245-3,hsg assy dia 1.5mm socketlatch,ZHLB,,AEO,Z120,84847864,,J653,PH10,,A,C,X,0943,,,42044,,ADN,284,IN,C,,,,,AUT SHIRWAL TESOG,,J93,,,,1337245-3,PC,"6,000",0,0,1348.13,0,0.00,0,0.000,0.000,05/29/2025,06/13/2025,
2-1452726-2,2way plug conn. 8mm pitch,ZFRT,,AEO,Z120,83894662,,W767,PH10,,C,C,X,0943,,,41396,,ADN,101,IN,B,,,,,AUT SHIRWAL TESOG,,P08,,,,2-1452726-2,PC,"2,400",0,0,198.14,"33,600",7.00,0,0.000,0.000,05/16/2025,07/16/2025,
1-2315562-1,"10pos,tab0.64x0.64,hdr assy,180deg,sldr",ZFRT,,ADO,Z200,0230809870,,M171,PH10,,C,C,N,0943,,,43164,,ADO,101,US,A,,,,,AUT SHIRWAL TESOG,,N60,,1,,1-2315562-1,PC,"34,776",0,0,28279.53,"40,068",87.00,0,0.000,0.000,11/14/2024,02/05/2025,
1802685-1,"cable guide,grid ac 5w",ZHLB,,AND,Z120,87120698,,J880,PH10,,C,C,N,0943,,,14003,,AND,278,CZ,A,,,,,AUT KURIM TESOG,,P27,,7,,1802685-1,PC,"7,500",0,0,1013.23,0,0.00,0,0.000,0.000,07/21/2025,07/21/2025,
1952025-1,"speed sensor, version 1",ZFRT,,AEO,Z120,78727926,,YC44,PH10,,B,L,N,0943,,,42265,,ADN,305,IN,D,,,,,AUT SHIRWAL TESOG,,AK3,,,,1952025-1,PC,600,0,0,3023.96,0,0.00,0,0.000,0.000,03/18/2025,05/22/2025,
1564004-2,"6pos,tab 1.00x0.64,tab hsg,assy,2sb",ZFRT,,ADO,Z200,40370912,,M127,PH10,,C,C,X,0943,,,43166,,ADN,101,HU,A,,,,,AUT SHIRWAL TESOG,,N26,,9,,1564004-2,PC,"1,100",0,0,552.76,0,0.00,0,0.000,0.000,09/05/2022,06/03/2023,09/30/2037
1-1718627-1,"amp mcp 2.8 hsg. 3pos.,ass'y",ZFRT,,AEO,Z120,87478285,,M105,PH10,,C,C,X,0943,,,43104,,ADN,101,IN,A,,,,,AUT SHIRWAL TESOG,,N10,,3,,1-1718627-1,PC,"2,400",0,0,376.74,0,0.00,0,0.000,0.000,07/09/2025,07/17/2025,
1718633-1,cpa for amp mcp 2.8,ZHLB,,AL2,Z200,49601683,,M235,PH10,,C,C,X,0943,,,43104,,AL2,101,IN,B,,,,,AUT SHIRWAL TESOG,,N10,,7,,1718633-1,PC,"50,000",0,0,472.06,0,0.00,0,0.000,0.000,01/22/2024,02/16/2024,
1719012-1,socket hsg 20 pos mqs,ZHLB,,ADO,Z120,86955538,,M185,PH10,,B,C,X,0943,,,43170,,ADN,101,IN,A,,,,,AUT SHIRWAL TESOG,,N04,,2,,1719012-1,PC,600,0,0,922.41,0,0.00,0,0.000,0.000,06/30/2025,07/08/2025,
1241634-3,4pos mqs rec cod c,ZFRT,,AND,Z100,88040372,,M133,PH10,,B,C,X,0943,,,43169,,AND,101,CZ,B,,,,,AUT KURIM TESOG,,N02,,1,,1241634-3,PC,"184,000",0,0,2710.03,0,0.00,0,0.000,0.000,07/23/2025,07/26/2025,
2286829-1,"cover,90 deg,42way hsg",ZFRT,,AND,Z130,85263167,,M796,PH10,,C,C,N,0943,,,43085,,AND,101,CZ,B,,,,,AUT KURIM TESOG,,NBV,,3,,2286829-1,PC,"1,200",0,0,157.52,0,0.00,0,0.000,0.000,06/10/2025,07/14/2025,
1355501-1,"1,5mm tab hsg assy 4p",ZFRT,,AEO,Z200,44270229,,M132,PH10,,C,C,X,0943,,,43124,,ADN,101,HU,E,,,,,AUT SHIRWAL TESOG,,N06,,8,,1355501-1,PC,"5,000",0,0,764.78,0,0.00,0,0.000,0.000,04/25/2023,04/27/2023,09/30/2036
2141466-1,"4pos,nanomqs,sock hsg,assy,sealed,coda",ZFRT,,ADO,Z100,83405043,,M120,PH10,,A,C,N,0943,,,43155,,ADN,101,IN,B,,,,,AUT SHIRWAL TESOG,,N54,,1,,2141466-1,PC,"3,000",0,0,741.67,0,0.00,0,0.000,0.000,05/10/2025,07/11/2025,
2141466-1,"4pos,nanomqs,sock hsg,assy,sealed,coda",ZFRT,,ADO,Z100,81072489,,M120,PH10,,A,C,N,0943,,,43155,,ADN,101,IN,B,,,,,AUT SHIRWAL TESOG,,N54,,1,,2141466-1,PC,"3,000",0,0,741.67,0,0.00,0,0.000,0.000,,06/20/2025,
1-2141359-6,"cover,codings cover,code",ZFRT,,AND,Z200,84185075,,M269,PH10,,C,C,N,0943,,,41393,,AND,101,CZ,E,,,,,AUT KURIM TESOG,,P07,,,,1-2141359-6,PC,"58,000",0,0,3715.68,0,0.00,0,0.000,0.000,05/26/2025,07/02/2025,
1-1452179-1,"door latch hdr,ln6p",ZFRT,,AEO,Z200,77741929,,M709,PH10,,B,C,X,0943,,,43091,,ADN,101,IN,F,,,,,AUT SHIRWAL TESOG,,NAU,,7,,1-1452179-1,PC,240,0,0,143.06,0,0.00,0,0.000,0.000,02/20/2025,03/12/2025,
2378368-2,cable harness lv,ZFRT,,ADO,Z120,83328546,,M248,PH10,,A,C,N,0943,,,43058,,AEO,101,IN,C,,,,,AUT SHIRWAL TESOG,,895,,7,,2378368-2,PC,440,0,0,4017.21,"15,000",3.00,0,0.000,0.000,05/09/2025,05/19/2025,
1719012-1,socket hsg 20 pos mqs,ZHLB,,ADO,Z120,85878319,,M185,,,B,,X,0943,,,43170,,ADN,101,IN,A,W,,,3213111,AUT SHIRWAL TESOG,,N04,,,,,PC,300,0,0,461.2,0,0.00,0,0.000,0.000,06/14/2025,06/24/2025,
2-2236516-1,"80pos,0.64 gener. y,rec hsg,assy,sld",ZFRT,,ADO,Z120,83320327,,M638,PH10,,A,C,N,0943,,,43069,,ADN,101,IN,G,,,,,AUT SHIRWAL TESOG,,NAC,,2,,2-2236516-1,PC,"1,020",0,0,1353.94,0,0.00,0,0.000,0.000,05/09/2025,07/11/2025,
2296039-5,"cable exit, rect, combo, left",ZFRT,,AND,Z130,88373224,,J880,PH10,,B,C,N,0943,,,14003,,AND,278,CZ,B,,,,,AUT KURIM TESOG,,P27,,,,2296039-5,PC,"2,736",0,0,1827.77,0,0.00,0,0.000,0.000,07/30/2025,08/01/2025,
2317939-1,"10pos,econoseal,rec hsg assy,sld,cod 1",ZFRT,,ADO,Z200,83832832,,M099,PH10,,B,C,N,0943,,,43098,,ADN,101,IN,A,,,,,AUT SHIRWAL TESOG,,N34,,1,,2317939-1,PC,800,0,0,298.39,0,0.00,0,0.000,0.000,05/15/2025,07/28/2025,
1952075-5,"coil,160b connector housing-type3",ZFRT,,AEO,Z130,82836531,,E951,PH10,,A,C,N,0943,,,43061,,AEO,101,IN,B,,,,,AUT SHIRWAL TESOG,,K27,,3,,1952075-5,PC,270,0,0,223.71,0,0.00,0,0.000,0.000,05/02/2025,06/11/2025,
1-1718628-1,"amp mcp 2.8 hsg. 4pos.,ass'y",ZFRT,,AEO,Z100,83077790,,M105,PH10,,B,C,X,0943,,,43104,,ADN,101,IN,A,,,,,AUT SHIRWAL TESOG,,N10,,2,,1-1718628-1,PC,"5,600",0,0,1144.17,0,0.00,0,0.000,0.000,05/06/2025,07/16/2025,
2236216-7,"1pos,fakra ii,plug,rec hsg,assy,codg",ZFRT,,AEO,Z120,80822985,,W767,PH10,,C,C,N,0943,,,41396,,ADN,101,IN,A1,,,,,AUT SHIRWAL TESOG,,P08,,,,2236216-7,PC,"4,800",0,0,321.51,0,0.00,0,0.000,0.000,04/09/2025,06/10/2025,
1355501-1,"1,5mm tab hsg assy 4p",ZFRT,,AEO,Z200,44130220,,M132,PH10,,C,C,X,0943,,,43124,,ADN,101,HU,E,,,,,AUT SHIRWAL TESOG,,N06,,8,,1355501-1,PC,"3,000",0,0,458.87,0,0.00,0,0.000,0.000,04/19/2023,04/20/2023,09/30/2036
2141462-2,"4pos,nanomqs,rec hsg,cod b",ZHLB,,AL2,Z200,61793151,,M120,PH10,,C,C,N,0943,,,43155,,AL2,101,HU,A,,,,,AUT SHIRWAL TESOG,,N54,,,,2141462-2,PC,"85,000",0,0,2598.19,"80,000",106.00,0,0.000,0.000,08/11/2024,04/17/2025,
1241796-1,"distanzstueck,rot",ZHLB,,AL2,Z200,43780109,,M270,PH10,,C,C,X,0943,,,43113,,AL2,101,CZ,B,,,,,AUT SHIRWAL TESOG,,P16,,,,1241796-1,PC,"3,500",0,0,43.42,0,0.00,0,0.000,0.000,04/03/2023,05/11/2023,
Material,material description,Material T,Long Text,CTL,MRP group,Batch #,C/N,Product Hi,Storage Lo,Storage Bi,ABC Indica,ELV ROHS,Lead Free,Plant,Vendor,Vendor Nam,CBC Code:,Prodn Supe,Purch. Gro,Profit Cen,Ctry of or,Revision L,Spl. Stock,Sales Orde,Sales Orde,Customer,Planning l,VMSS Indic,GPL Code,VSM Name,Global Por,Manufactur,Catalog No,UOM,Unrestrict,Restricted,QC Stock,,Safety Sto,SS %,Stock in t,Blocked St,Blocked St,Date of Ma,Last goods,End of lif
1719040-1,8pos get male connector w. 3 sb's,ZFRT,,AEO,Z130,82812659,,M634,PH10,,A,C,X,0943,,,43071,,ADN,101,IN,B,,,,,AUT SHIRWAL TESOG,,NAA,,2,,1719040-1,PC,"1,296",0,0,946.5,0,0.00,0,0.000,0.000,05/02/2025,07/11/2025,
1719040-1,8pos get male connector w. 3 sb's,ZFRT,,AEO,Z130,82876296,,M634,PH10,,A,C,X,0943,,,43071,,ADN,101,IN,B,,,,,AUT SHIRWAL TESOG,,NAA,,2,,1719040-1,PC,432,0,0,315.5,0,0.00,0,0.000,0.000,05/03/2025,07/11/2025,
1-1718628-1,"amp mcp 2.8 hsg. 4pos.,ass'y",ZFRT,,AEO,Z100,83205882,,M105,PH10,,B,C,X,0943,,,43104,,ADN,101,IN,A,,,,,AUT SHIRWAL TESOG,,N10,,2,,1-1718628-1,PC,"1,400",0,0,286.04,0,0.00,0,0.000,0.000,05/07/2025,07/16/2025,
1719040-1,8pos get male connector w. 3 sb's,ZFRT,,AEO,Z130,83042768,,M634,PH10,,A,C,X,0943,,,43071,,ADN,101,IN,B,,,,,AUT SHIRWAL TESOG,,NAA,,2,,1719040-1,PC,864,0,0,631.0,0,0.00,0,0.000,0.000,05/05/2025,07/11/2025,
2317939-1,"10pos,econoseal,rec hsg assy,sld,cod 1",ZFRT,,ADO,Z200,82356861,,M099,PH10,,B,C,N,0943,,,43098,,ADN,101,IN,A,,,,,AUT SHIRWAL TESOG,,N34,,1,,2317939-1,PC,400,0,0,149.2,0,0.00,0,0.000,0.000,04/25/2025,07/03/2025,
144907-1,9p module hsg for jpt,ZHLB,,AL2,Z200,47308720,,M289,PH10,,C,C,N,0943,,,43186,,AL2,101,HU,D,,,,,AUT SHIRWAL TESOG,,N03,,,,144907-1,PC,750,0,0,116.97,0,0.00,0,0.000,0.000,10/08/2023,04/01/2025,
1952075-2,"coil,130a connector housing (type2)",ZFRT,,AEO,Z200,42339728,,E951,PH10,,C,C,N,0943,,,43061,,AEO,101,IN,A,,,,,AUT SHIRWAL TESOG,,K27,,3,,1952075-2,PC,540,0,0,423.31,0,0.00,0,0.000,0.000,12/27/2022,01/24/2023,
2378368-2,cable harness lv,ZFRT,,ADO,Z120,86299624,,M248,PH10,,A,C,N,0943,,,43058,,AEO,101,IN,C,,,,,AUT SHIRWAL TESOG,,895,,7,,2378368-2,PC,160,0,0,1460.8,"15,000",1.00,0,0.000,0.000,06/20/2025,06/30/2025,
2317939-1,"10pos,econoseal,rec hsg assy,sld,cod 1",ZFRT,,ADO,Z200,83908009,,M099,PH10,,B,C,N,0943,,,43098,,ADN,101,IN,A,,,,,AUT SHIRWAL TESOG,,N34,,1,,2317939-1,PC,"1,600",0,0,596.79,0,0.00,0,0.000,0.000,05/16/2025,07/28/2025,
2066108-1,power sub cable -  efc extn- hvac for ck,ZFRT,,AEO,Z200,15734827,,L727,PH10,,C,C,X,0943,,,43058,,ADN,101,IN,B,,,,,AUT SHIRWAL TESOG,,895,,8,,2066108-1,PC,200,0,0,399.17,0,0.00,0,0.000,0.000,02/28/2018,03/25/2021,09/30/2035
2141494-6,"1pos,contact kit,rec hsg,assy,codf",ZFRT,,AEO,Z120,86849600,,W767,PH10,,B,C,N,0943,,,41396,,ADN,101,IN,A,,,,,AUT SHIRWAL TESOG,,P08,,9,,2141494-6,PC,"19,200",0,0,1428.21,0,0.00,0,0.000,0.000,07/02/2025,07/24/2025,09/30/2036
1719068-1,"cover,6pos",ZFRT,,AND,Z130,86024382,,M237,PH10,,B,C,X,0943,,,43169,,AND,101,CZ,A,,,,,AUT KURIM TESOG,,N02,,2,,1719068-1,PC,"35,000",0,0,1064.64,0,0.00,0,0.000,0.000,06/24/2025,06/28/2025,
2317939-1,"10pos,econoseal,rec hsg assy,sld,cod 1",ZFRT,,ADO,Z200,82332024,,M099,PH10,,B,C,N,0943,,,43098,,ADN,101,IN,A,,,,,AUT SHIRWAL TESOG,,N34,,1,,2317939-1,PC,"2,800",0,0,1044.38,0,0.00,0,0.000,0.000,04/25/2025,07/03/2025,
2378368-2,cable harness lv,ZFRT,,ADO,Z120,87248376,,M248,PH10,,A,C,N,0943,,,43058,,AEO,101,IN,C,,,,,AUT SHIRWAL TESOG,,895,,7,,2378368-2,PC,400,0,0,3652.01,"15,000",3.00,0,0.000,0.000,07/05/2025,07/17/2025,
1452587-3,"2way plug conn. 12,7mm pitch",ZFRT,,AEO,Z200,22479274,,W767,PH10,,C,C,X,0943,,,41396,,ADN,101,IN,D,,,,,AUT SHIRWAL TESOG,,P08,,,,1452587-3,PC,"1,800",0,0,234.83,0,0.00,0,0.000,0.000,08/31/2019,02/26/2021,
1-2236715-2,"36pos,tab1.5x0.64,header assy,codb,90deg",ZFRT,,AEO,Z120,85672830,,J656,PH10,,C,C,N,0943,,,42021,,ADN,284,IN,C,,,,,AUT SHIRWAL TESOG,,J96,,,,1-2236715-2,PC,600,0,0,1328.08,0,0.00,0,0.000,0.000,06/11/2025,06/24/2025,
1952075-5,"coil,160b connector housing-type3",ZFRT,,AEO,Z130,84304135,,E951,PH10,,A,C,N,0943,,,43061,,AEO,101,IN,B,,,,,AUT SHIRWAL TESOG,,K27,,3,,1952075-5,PC,135,0,0,111.85,0,0.00,0,0.000,0.000,05/20/2025,06/11/2025,
1-2236520-1,"lever, female housing, 80 way",ZHLB,,AL2,Z120,86171110,,M638,PH10,,A,C,N,0943,,,43069,,AL2,101,HU,C,,,,,AUT SHIRWAL TESOG,,NAC,,,,1-2236520-1,PC,"3,600",0,0,806.41,0,0.00,0,0.000,0.000,07/13/2025,07/16/2025,
1337245-3,hsg assy dia 1.5mm socketlatch,ZHLB,,AEO,Z120,83987993,,J653,PH10,,A,C,X,0943,,,42044,,ADN,284,IN,C,,,,,AUT SHIRWAL TESOG,,J93,,,,1337245-3,PC,"20,000",0,0,4493.74,0,0.00,0,0.000,0.000,05/19/2025,08/01/2025,
2208944-1,"sensor cpl, p444,,assy",ZFRT,,AEO,Z130,86737510,,YC43,PH10,,A,C,N,0943,,,42262,,ADN,305,IN,C,,,,,AUT SHIRWAL TESOG,,P74,,7,,2208944-1,PC,"1,200",0,0,1796.25,0,0.00,0,0.000,0.000,06/26/2025,07/08/2025,
2378368-2,cable harness lv,ZFRT,,ADO,Z120,86335864,,M248,PH10,,A,C,N,0943,,,43058,,AEO,101,IN,C,,,,,AUT SHIRWAL TESOG,,895,,7,,2378368-2,PC,40,0,0,365.2,"15,000",0.00,0,0.000,0.000,06/20/2025,07/03/2025,
1337352-1,e3 receptacle conn. assy.,ZFRT,,AEO,Z100,82392412,,J968,PH10,,A,C,X,0943,,,42054,,ADN,284,IN,E,,,,,AUT SHIRWAL TESOG,,H83,,,,1337352-1,PC,"19,200",0,0,6971.91,0,0.00,0,0.000,0.000,04/26/2025,07/10/2025,
1952024-1,p202 hall sensor cps- cable assy,ZFRT,,AEO,Z200,6502701114,,Y370,SY10,,C,X,X,1271,,,42260,,ADN,305,IN,B,,,,,AUT SHIRWAL TESOG,,P72,,,,1952024-1,PC,300,0,0,1166.6,0,0.00,0,0.000,0.000,11/14/2014,03/22/2021,
1564004-3,"6pos,tab 1.00x0.64,tab hsg,assy",ZFRT,,ADO,Z120,81913525,,M127,,,B,,N,0943,,,43166,,ADN,101,IN,A,W,,,3052025,AUT SHIRWAL TESOG,,N26,,,,,PC,"1,100",0,0,435.38,0,0.00,0,0.000,0.000,04/21/2025,06/19/2025,
2378368-2,cable harness lv,ZFRT,,ADO,Z120,84010276,,M248,PH10,,A,C,N,0943,,,43058,,AEO,101,IN,C,,,,,AUT SHIRWAL TESOG,,895,,7,,2378368-2,PC,360,0,0,3286.81,"15,000",2.00,0,0.000,0.000,05/17/2025,07/28/2025,
2236956-4,6pos mqs tab cod d,ZFRT,,AND,Z100,86738215,,M133,PH10,,B,C,N,0943,,,43169,,AND,101,CZ,A,,,,,AUT KURIM TESOG,,N02,,1,,2236956-4,PC,"7,000",0,0,365.13,0,0.00,0,0.000,0.000,07/01/2025,07/03/2025,
2236082-4,4pos mqs tab,ZFRT,,AND,Z100,86530737,,M133,PH10,,B,C,N,0943,,,43169,,AND,101,CZ,A,,,,,AUT KURIM TESOG,,N02,,1,,2236082-4,PC,"22,000",0,0,648.81,0,0.00,0,0.000,0.000,07/01/2025,07/04/2025,
1719040-1,8pos get male connector w. 3 sb's,ZFRT,,AEO,Z130,83750156,,M634,PH10,,A,C,X,0943,,,43071,,ADN,101,IN,B,,,,,AUT SHIRWAL TESOG,,NAA,,2,,1719040-1,PC,"1,296",0,0,946.5,0,0.00,0,0.000,0.000,05/14/2025,07/24/2025,
2-2236516-1,"80pos,0.64 gener. y,rec hsg,assy,sld",ZFRT,,ADO,Z120,87254998,,M638,PH10,,A,C,N,0943,,,43069,,ADN,101,IN,G,,,,,AUT SHIRWAL TESOG,,NAC,,2,,2-2236516-1,PC,480,0,0,637.14,0,0.00,0,0.000,0.000,07/05/2025,07/17/2025,
2378368-2,cable harness lv,ZFRT,,ADO,Z120,83934210,,M248,PH10,,A,C,N,0943,,,43058,,AEO,101,IN,C,,,,,AUT SHIRWAL TESOG,,895,,7,,2378368-2,PC,40,0,0,365.2,"15,000",0.00,0,0.000,0.000,05/16/2025,07/28/2025,
1-1718624-2,2 pos hsg amp mcp 2.8 assy,ZFRT,,AEO,Z100,80607677,,M105,PH10,,B,C,N,0943,,,43104,,ADN,101,IN,C,,,,,AUT SHIRWAL TESOG,,N10,,2,,1-1718624-2,PC,"1,000",0,0,163.55,0,0.00,0,0.000,0.000,04/07/2025,06/11/2025,
2236216-7,"1pos,fakra ii,plug,rec hsg,assy,codg",ZFRT,,AEO,Z120,80724083,,W767,PH10,,C,C,N,0943,,,41396,,ADN,101,IN,A1,,,,,AUT SHIRWAL TESOG,,P08,,,,2236216-7,PC,"4,800",0,0,321.51,0,0.00,0,0.000,0.000,04/08/2025,06/10/2025,
2141466-1,"4pos,nanomqs,sock hsg,assy,sealed,coda",ZFRT,,ADO,Z100,79388379,,M120,PH10,,A,C,N,0943,,,43155,,ADN,101,IN,B,,,,,AUT SHIRWAL TESOG,,N54,,1,,2141466-1,PC,"6,000",0,0,1483.35,0,0.00,0,0.000,0.000,,05/22/2025,
1802790-1,spacer,ZFRT,,AND,Z130,85534798,,J710,PH10,,B,C,N,0943,,,14010,,AND,278,CZ,B,,,,,AUT KURIM TESOG,,K28,,7,,1802790-1,PC,"2,800",0,0,551.69,0,0.00,0,0.000,0.000,06/20/2025,06/21/2025,
1719040-1,8pos get male connector w. 3 sb's,ZFRT,,AEO,Z130,83736089,,M634,PH10,,A,C,X,0943,,,43071,,ADN,101,IN,B,,,,,AUT SHIRWAL TESOG,,NAA,,2,,1719040-1,PC,864,0,0,631.0,0,0.00,0,0.000,0.000,05/14/2025,07/24/2025,
1802647-2,"cover,charge inlet,ac",ZFRT,,AND,Z120,76805795,,J880,PH10,,C,C,N,0943,,,14003,,AND,278,CZ,C,,,,,AUT KURIM TESOG,,P27,,7,,1802647-2,PC,"1,000",0,0,219.44,0,0.00,0,0.000,0.000,02/14/2025,02/21/2025,
1719261-8,1 pos fakra ii plug hsg codh free,ZFRT,,AEO,Z120,87191385,,W767,PH10,,C,C,X,0943,,,41396,,ADN,101,IN,C,,,,,AUT SHIRWAL TESOG,,P08,,9,,1719261-8,PC,"28,800",0,0,1549.06,0,0.00,0,0.000,0.000,07/05/2025,07/23/2025,09/30/2026
2141466-3,"4pos,nanomqs,rec hsg,sld,cod c",ZFRT,,AEO,Z120,74061181,,M120,PH10,,C,C,N,0943,,,43155,,ADN,101,IN,A,,,,,AUT SHIRWAL TESOG,,N54,,1,,2141466-3,PC,"3,000",0,0,745.49,0,0.00,0,0.000,0.000,,03/05/2025,
1802647-1,"cover,charge inlet,ac",ZFRT,,AND,Z120,87022110,,J880,PH10,,C,C,N,0943,,,14003,,AND,278,CZ,C,,,,,AUT KURIM TESOG,,P27,,,,1802647-1,PC,"4,000",0,0,889.19,0,0.00,0,0.000,0.000,07/01/2025,07/06/2025,
144995-5,jpt 9 w seal conn assy,ZFRT,,ADO,Z200,48333320,,M106,PH10,,C,C,N,0943,,,43124,,ADN,101,HU,B,,,,,AUT SHIRWAL TESOG,,N06,,2,,144995-5,PC,"27,720",0,0,24242.1,0,0.00,0,0.000,0.000,11/28/2023,12/04/2023,
1393431-1,v23540m7700y 21=2 pol pot.vert,ZFRT,,AEO,Z20C,84607176,,M270,PH10,,B,C,X,0943,,,43113,,ADN,101,IN,A,,,,,AUT SHIRWAL TESOG,,P16,,1,,1393431-1,PC,"3,000",0,0,468.95,0,0.00,0,0.000,0.000,05/24/2025,08/01/2025,
2378368-2,cable harness lv,ZFRT,,ADO,Z120,86960400,,M248,PH10,,A,C,N,0943,,,43058,,AEO,101,IN,C,,,,,AUT SHIRWAL TESOG,,895,,7,,2378368-2,PC,880,0,0,8034.42,"15,000",6.00,0,0.000,0.000,06/30/2025,07/15/2025,
Material,material description,Material T,Long Text,CTL,MRP group,Batch #,C/N,Product Hi,Storage Lo,Storage Bi,ABC Indica,ELV ROHS,Lead Free,Plant,Vendor,Vendor Nam,CBC Code:,Prodn Supe,Purch. Gro,Profit Cen,Ctry of or,Revision L,Spl. Stock,Sales Orde,Sales Orde,Customer,Planning l,VMSS Indic,GPL Code,VSM Name,Global Por,Manufactur,Catalog No,UOM,Unrestrict,Restricted,QC Stock,,Safety Sto,SS %,Stock in t,Blocked St,Blocked St,Date of Ma,Last goods,End of lif
1564004-1,"6pos,tab 1.00x0.64,tab hsg,3sb,assy",ZFRT,,ADO,Z120,79851525,,M127,,,C,,X,0943,,,43166,,ADN,101,IN,A,W,,,3052025,AUT SHIRWAL TESOG,,N26,,,,,PC,"1,100",0,0,650.1,0,0.00,0,0.000,0.000,,05/25/2025,
2-1452726-4,2way plug conn. 8mm pitch,ZFRT,,AEO,Z200,84391858,,W767,PH10,,C,C,X,0943,,,41396,,ADN,101,IN,B,,,,,AUT SHIRWAL TESOG,,P08,,,,2-1452726-4,PC,"4,800",0,0,347.11,0,0.00,0,0.000,0.000,05/24/2025,07/24/2025,
1952075-5,"coil,160b connector housing-type3",ZFRT,,AEO,Z130,82432059,,E951,PH10,,A,C,N,0943,,,43061,,AEO,101,IN,B,,,,,AUT SHIRWAL TESOG,,K27,,3,,1952075-5,PC,"2,700",0,0,2237.07,0,0.00,0,0.000,0.000,04/26/2025,08/01/2025,
2378368-2,cable harness lv,ZFRT,,ADO,Z120,83083987,,M248,PH10,,A,C,N,0943,,,43058,,AEO,101,IN,C,,,,,AUT SHIRWAL TESOG,,895,,7,,2378368-2,PC,40,0,0,365.2,"15,000",0.00,0,0.000,0.000,05/06/2025,05/12/2025,
2317939-1,"10pos,econoseal,rec hsg assy,sld,cod 1",ZFRT,,ADO,Z200,82557389,,M099,PH10,,B,C,N,0943,,,43098,,ADN,101,IN,A,,,,,AUT SHIRWAL TESOG,,N34,,1,,2317939-1,PC,"3,200",0,0,1193.59,0,0.00,0,0.000,0.000,04/28/2025,07/11/2025,
144907-1,9p module hsg for jpt,ZHLB,,AL2,Z200,47821311,,M289,PH10,,C,C,N,0943,,,43186,,AL2,101,HU,D,,,,,AUT SHIRWAL TESOG,,N03,,,,144907-1,PC,"2,700",0,0,421.09,0,0.00,0,0.000,0.000,11/01/2023,08/05/2024,
144907-1,9p module hsg for jpt,ZHLB,,AL2,Z200,47844846,,M289,PH10,,C,C,N,0943,,,43186,,AL2,101,HU,D,,,,,AUT SHIRWAL TESOG,,N03,,,,144907-1,PC,"13,500",0,0,2105.44,0,0.00,0,0.000,0.000,11/02/2023,05/16/2024,
1952075-5,"coil,160b connector housing-type3",ZFRT,,AEO,Z130,82535552,,E951,PH10,,A,C,N,0943,,,43061,,AEO,101,IN,B,,,,,AUT SHIRWAL TESOG,,K27,,3,,1952075-5,PC,"1,350",0,0,1118.54,0,0.00,0,0.000,0.000,04/28/2025,08/01/2025,
1-1718628-1,"amp mcp 2.8 hsg. 4pos.,ass'y",ZFRT,,AEO,Z100,83205785,,M105,PH10,,B,C,X,0943,,,43104,,ADN,101,IN,A,,,,,AUT SHIRWAL TESOG,,N10,,2,,1-1718628-1,PC,"1,400",0,0,286.04,0,0.00,0,0.000,0.000,05/07/2025,07/16/2025,
1452725-3,2way jack conn. 8mm pitch,ZFRT,,AEO,Z200,78908611,,W767,PH10,,C,C,X,0943,,,41396,,ADN,101,IN,B,,,,,AUT SHIRWAL TESOG,,P08,,8,,1452725-3,PC,"3,000",0,0,244.82,0,0.00,0,0.000,0.000,03/12/2025,05/22/2025,09/30/2035
2236374-1,lever,ZFRT,,AND,Z100,85814142,,M237,PH10,,B,C,N,0943,,,43169,,AND,101,CZ,B,,,,,AUT KURIM TESOG,,N02,,1,,2236374-1,PC,"30,800",0,0,1592.14,0,0.00,0,0.000,0.000,06/18/2025,06/20/2025,
1-1718624-2,2 pos hsg amp mcp 2.8 assy,ZFRT,,AEO,Z100,80856615,,M105,PH10,,B,C,N,0943,,,43104,,ADN,101,IN,C,,,,,AUT SHIRWAL TESOG,,N10,,2,,1-1718624-2,PC,"6,000",0,0,981.28,0,0.00,0,0.000,0.000,04/10/2025,06/30/2025,
1-1718628-1,"amp mcp 2.8 hsg. 4pos.,ass'y",ZFRT,,AEO,Z100,82867580,,M105,PH10,,B,C,X,0943,,,43104,,ADN,101,IN,A,,,,,AUT SHIRWAL TESOG,,N10,,2,,1-1718628-1,PC,"11,900",0,0,2431.36,0,0.00,0,0.000,0.000,05/03/2025,07/16/2025,
2141462-1,"4pos,nanomqs,rec hsg,coda",ZHLB,,AL2,Z200,79235323,,M120,PH10,,B,C,N,0943,,,43155,,AL2,101,HU,B,,,,,AUT SHIRWAL TESOG,,N54,,,,2141462-1,PC,"100,000",0,0,2921.65,0,0.00,0,0.000,0.000,03/24/2025,07/19/2025,
2236290-1,cover fam. seal mcon 0.5 cb,ZHLB,,AND,Z100,87130242,,M094,PH10,,B,C,N,0943,,,43155,,AND,101,CZ,B,,,,,AUT KURIM TESOG,,N54,,7,,2236290-1,PC,"14,000",0,0,373.46,0,0.00,0,0.000,0.000,07/08/2025,07/30/2025,
2-2236516-1,"80pos,0.64 gener. y,rec hsg,assy,sld",ZFRT,,ADO,Z120,83271626,,M638,PH10,,A,C,N,0943,,,43069,,ADN,101,IN,G,,,,,AUT SHIRWAL TESOG,,NAC,,2,,2-2236516-1,PC,60,0,0,79.64,0,0.00,0,0.000,0.000,05/08/2025,07/11/2025,
1952075-5,"coil,160b connector housing-type3",ZFRT,,AEO,Z130,82241101,,E951,PH10,,A,C,N,0943,,,43061,,AEO,101,IN,B,,,,,AUT SHIRWAL TESOG,,K27,,3,,1952075-5,PC,"1,080",0,0,894.83,0,0.00,0,0.000,0.000,04/24/2025,07/03/2025,
1719040-1,8pos get male connector w. 3 sb's,ZFRT,,AEO,Z130,84163251,,M634,PH10,,A,C,X,0943,,,43071,,ADN,101,IN,B,,,,,AUT SHIRWAL TESOG,,NAA,,2,,1719040-1,PC,864,0,0,631.0,0,0.00,0,0.000,0.000,05/19/2025,07/24/2025,
2-1452726-8,2way plug conn. pitch 8mm fakra 2,ZFRT,,AEO,Z100,85522079,,W767,PH10,,B,C,X,0943,,,41396,,ADN,101,IN,B,,,,,AUT SHIRWAL TESOG,,P08,,,,2-1452726-8,PC,"2,400",0,0,180.04,0,0.00,0,0.000,0.000,06/20/2025,06/30/2025,
1719040-1,8pos get male connector w. 3 sb's,ZFRT,,AEO,Z130,83010560,,M634,PH10,,A,C,X,0943,,,43071,,ADN,101,IN,B,,,,,AUT SHIRWAL TESOG,,NAA,,2,,1719040-1,PC,"1,728",0,0,1262.0,0,0.00,0,0.000,0.000,05/05/2025,07/11/2025,
1452179-1,"door latch hdr,ln10",ZFRT,,AEO,Z120,68131296,,M709,PH10,,C,C,X,0943,,,43091,,ADN,101,IN,F,,,,,AUT SHIRWAL TESOG,,NAU,,2,,1452179-1,PC,240,0,0,167.48,0,0.00,0,0.000,0.000,10/11/2024,10/30/2024,
1393431-1,v23540m7700y 21=2 pol pot.vert,ZFRT,,AEO,Z20C,84486421,,M270,PH10,,B,C,X,0943,,,43113,,ADN,101,IN,A,,,,,AUT SHIRWAL TESOG,,P16,,1,,1393431-1,PC,"6,000",0,0,937.89,0,0.00,0,0.000,0.000,05/22/2025,08/01/2025,
2302456-9,"6-port matenet frame, utp, cod z",ZHLB,,AND,Z200,35805461,,EF21,PH10,,C,C,N,0943,,,41393,,AND,101,CH,A,,,,,AUT KURIM TESOG,,P06,,2,,2302456-9,PC,"9,000",0,0,756.61,0,0.00,0,0.000,0.000,11/16/2021,09/03/2024,
1802110-2,"cover,matenet sealed protection, stp",ZHLB,,AND,Z130,88455154,,EF21,PH10,,B,C,N,0943,,,41393,,AND,101,CZ,B,,,,,AUT KURIM TESOG,,P06,,2,,1802110-2,PC,"115,000",0,0,2808.47,0,0.00,0,0.000,0.000,07/26/2025,07/29/2025,
1337352-1,e3 receptacle conn. assy.,ZFRT,,AEO,Z100,81219012,,J968,PH10,,A,C,X,0943,,,42054,,ADN,284,IN,E,,,,,AUT SHIRWAL TESOG,,H83,,,,1337352-1,PC,"28,800",0,0,10457.87,0,0.00,0,0.000,0.000,04/14/2025,06/30/2025,
2-2236523-1,"80pos,0.64 male gen. y,tab hsg,assy,sld",ZFRT,,ADO,Z120,83650551,,M638,PH10,,A,C,N,0943,,,43069,,ADN,101,IN,G,,,,,AUT SHIRWAL TESOG,,NAC,,2,,2-2236523-1,PC,"1,248",0,0,1444.64,0,0.00,0,0.000,0.000,05/13/2025,07/17/2025,
1452725-4,2way jack conn. 8mm pitch,ZFRT,,AEO,Z200,32155061,,W767,NR10,,C,C,X,0493,,,41396,,ADN,101,IN,B,,,,,AUT SHIRWAL TESOG,,P08,,,,1452725-4,PC,"3,000",0,0,175.08,0,0.00,0,0.000,0.000,04/28/2021,06/25/2021,
1-2282183-1,"cover,mqs",ZHLB,,AND,Z130,86737910,,M133,PH10,,B,C,N,0943,,,43169,,AND,101,CZ,B,,,,,AUT KURIM TESOG,,N02,,,,1-2282183-1,PC,"20,000",0,0,678.86,0,0.00,0,0.000,0.000,06/27/2025,07/18/2025,
2-1719081-1,pinheader 12-pos mqs,ZFRT,,ADO,Z200,45871792,,M185,PH10,,C,C,X,0943,,,43170,,ADN,101,HU,A,,,,,AUT SHIRWAL TESOG,,N04,,,,2-1719081-1,PC,924,0,0,386.26,0,0.00,0,0.000,0.000,07/25/2023,07/26/2023,
1719012-1,socket hsg 20 pos mqs,ZHLB,,ADO,Z120,85815162,,M185,,,B,,X,0943,,,43170,,ADN,101,IN,A,W,,,3213111,AUT SHIRWAL TESOG,,N04,,,,,PC,600,0,0,922.41,0,0.00,0,0.000,0.000,06/13/2025,06/24/2025,
1745078-1,amp mcp 2.8k - rec. housing,ZFRT,,AEO,Z120,85033846,,M105,PH10,,B,C,X,0943,,,43104,,ADN,101,IN,A,,,,,AUT SHIRWAL TESOG,,N10,,2,,1745078-1,PC,"2,000",0,0,751.85,0,0.00,0,0.000,0.000,06/04/2025,06/26/2025,
1-1718628-1,"amp mcp 2.8 hsg. 4pos.,ass'y",ZFRT,,AEO,Z100,83316933,,M105,PH10,,B,C,X,0943,,,43104,,ADN,101,IN,A,,,,,AUT SHIRWAL TESOG,,N10,,2,,1-1718628-1,PC,"1,400",0,0,286.04,0,0.00,0,0.000,0.000,05/09/2025,07/16/2025,
1952122-1,"assembly, delete cap, 4 position, mqs",ZFRT,,AEO,Z200,2110675617,,J758,PH10,,C,C,N,0943,,,43169,,CO4,101,IN,A,,,,,AUT SHIRWAL TESOG,,N02,,9,,1952122-1,PC,"2,200",0,0,9922.18,0,0.00,0,0.000,0.000,03/12/2021,09/10/2021,09/30/2035
1719040-1,8pos get male connector w. 3 sb's,ZFRT,,AEO,Z130,82605070,,M634,PH10,,A,C,X,0943,,,43071,,ADN,101,IN,B,,,,,AUT SHIRWAL TESOG,,NAA,,2,,1719040-1,PC,432,0,0,315.5,0,0.00,0,0.000,0.000,04/29/2025,07/11/2025,
2236082-1,4pos mqs tab,ZFRT,,AND,Z100,85837215,,M133,PH10,,B,C,N,0943,,,43169,,AND,101,CZ,A,,,,,AUT KURIM TESOG,,N02,,1,,2236082-1,PC,"40,000",0,0,1333.91,0,0.00,0,0.000,0.000,06/14/2025,06/19/2025,
2378368-2,cable harness lv,ZFRT,,ADO,Z120,86226120,,M248,PH10,,A,C,N,0943,,,43058,,AEO,101,IN,C,,,,,AUT SHIRWAL TESOG,,895,,7,,2378368-2,PC,520,0,0,4747.61,"15,000",3.00,0,0.000,0.000,06/19/2025,07/03/2025,
1564004-3,"6pos,tab 1.00x0.64,tab hsg,assy",ZFRT,,ADO,Z120,86252821,,M127,PH10,,B,C,N,0943,,,43166,,ADN,101,IN,A,,,,,AUT SHIRWAL TESOG,,N26,,9,,1564004-3,PC,"1,100",0,0,435.38,0,0.00,0,0.000,0.000,06/19/2025,07/31/2025,09/30/2037
2-1452726-9,2way plug conn. 8mm pitch,ZFRT,,AEO,Z120,87369434,,W767,PH10,,C,C,X,0943,,,41396,,ADN,101,IN,B,,,,,AUT SHIRWAL TESOG,,P08,,7,,2-1452726-9,PC,"31,200",0,0,2336.41,0,0.00,0,0.000,0.000,07/08/2025,07/24/2025,
2314183-1,"hall,sensor complete,p628",ZFRT,,AEO,Z200,80248883,,YC43,PH10,,B,X,N,0943,,,42262,,ADN,305,IN,A,,,,,AUT SHIRWAL TESOG,,P74,,,,2314183-1,PC,"1,200",0,0,2261.79,0,0.00,0,0.000,0.000,04/11/2025,06/19/2025,
1952024-1,p202 hall sensor cps- cable assy,ZFRT,,AEO,Z200,6502701115,,Y370,SY10,,C,X,X,1271,,,42260,,ADN,305,IN,B,,,,,AUT SHIRWAL TESOG,,P72,,,,1952024-1,PC,100,0,0,388.87,0,0.00,0,0.000,0.000,11/15/2014,03/22/2021,
1337245-3,hsg assy dia 1.5mm socketlatch,ZHLB,,AEO,Z120,83802725,,J653,PH10,,A,C,X,0943,,,42044,,ADN,284,IN,C,,,,,AUT SHIRWAL TESOG,,J93,,,,1337245-3,PC,"4,000",0,0,898.74,0,0.00,0,0.000,0.000,05/16/2025,07/24/2025,
1534136-1,mcp2.8 geh 8p,ZFRT,,AND,Z130,83836589,,M131,PH10,,C,C,X,0943,,,43104,,AND,101,CZ,A,,,,,AUT KURIM TESOG,,N10,,2,,1534136-1,PC,"3,600",0,0,160.56,0,0.00,0,0.000,0.000,05/26/2025,06/11/2025,
1802685-2,"cable guide,grid ac 3w",ZHLB,,AND,Z120,85205760,,J880,PH10,,C,C,N,0943,,,14003,,AND,278,CZ,A,,,,,AUT KURIM TESOG,,P27,,7,,1802685-2,PC,"7,500",0,0,1062.92,0,0.00,0,0.000,0.000,06/16/2025,06/18/2025,
2141040-1,"fuse box assy,hard wired,type a",ZFRT,,ADO,Z130,87945388,,L931,PH10,,A,C,X,0943,,,43059,,ADN,101,IN,B,,,,,AUT SHIRWAL TESOG,,127,,3,,2141040-1,PC,"1,218",0,0,6066.45,0,0.00,0,0.000,0.000,07/16/2025,07/31/2025,
2-2236516-1,"80pos,0.64 gener. y,rec hsg,assy,sld",ZFRT,,ADO,Z120,87143579,,M638,PH10,,A,C,N,0943,,,43069,,ADN,101,IN,G,,,,,AUT SHIRWAL TESOG,,NAC,,2,,2-2236516-1,PC,420,0,0,557.51,0,0.00,0,0.000,0.000,07/03/2025,07/17/2025,
2-2236516-1,"80pos,0.64 gener. y,rec hsg,assy,sld",ZFRT,,ADO,Z120,83800547,,M638,PH10,,A,C,N,0943,,,43069,,ADN,101,IN,G,,,,,AUT SHIRWAL TESOG,,NAC,,2,,2-2236516-1,PC,660,0,0,876.07,0,0.00,0,0.000,0.000,05/15/2025,07/20/2025,
2-1452726-5,2way plug conn. 8mm pitch,ZFRT,,AEO,Z200,80401640,,W767,PH10,,C,C,X,0943,,,41396,,ADN,101,IN,B,,,,,AUT SHIRWAL TESOG,,P08,,7,,2-1452726-5,PC,"9,600",0,0,684.81,0,0.00,0,0.000,0.000,04/07/2025,06/19/2025,
1-1718624-1,2 pos hsg amp mcp 2.8 assy,ZFRT,,AEO,Z120,82377073,,M105,PH10,,C,C,X,0943,,,43104,,ADN,101,IN,C,,,,,AUT SHIRWAL TESOG,,N10,,2,,1-1718624-1,PC,"1,000",0,0,163.55,0,0.00,0,0.000,0.000,04/25/2025,07/16/2025,
1-2236520-1,"lever, female housing, 80 way",ZHLB,,AL2,Z120,86519818,,M638,PH10,,A,C,N,0943,,,43069,,AL2,101,HU,C,,,,,AUT SHIRWAL TESOG,,NAC,,,,1-2236520-1,PC,"8,400",0,0,1881.65,0,0.00,0,0.000,0.000,07/08/2025,07/13/2025,
1952075-5,"coil,160b connector housing-type3",ZFRT,,AEO,Z130,82326590,,E951,PH10,,A,C,N,0943,,,43061,,AEO,101,IN,B,,,,,AUT SHIRWAL TESOG,,K27,,3,,1952075-5,PC,810,0,0,671.12,0,0.00,0,0.000,0.000,04/25/2025,06/11/2025,
2141466-1,"4pos,nanomqs,sock hsg,assy,sealed,coda",ZFRT,,ADO,Z100,82125014,,M120,PH10,,A,C,N,0943,,,43155,,ADN,101,IN,B,,,,,AUT SHIRWAL TESOG,,N54,,1,,2141466-1,PC,"3,000",0,0,741.67,0,0.00,0,0.000,0.000,04/23/2025,06/30/2025,
2141462-2,"4pos,nanomqs,rec hsg,cod b",ZHLB,,AL2,Z200,70745990,,M120,PH10,,C,C,N,0943,,,43155,,AL2,101,HU,A,,,,,AUT SHIRWAL TESOG,,N54,,,,2141462-2,PC,"35,000",0,0,1069.84,"80,000",44.00,0,0.000,0.000,11/07/2024,04/22/2025,
1-1718627-1,"amp mcp 2.8 hsg. 3pos.,ass'y",ZFRT,,AEO,Z120,87482268,,M105,PH10,,C,C,X,0943,,,43104,,ADN,101,IN,A,,,,,AUT SHIRWAL TESOG,,N10,,3,,1-1718627-1,PC,"1,600",0,0,251.16,0,0.00,0,0.000,0.000,07/09/2025,07/17/2025,
1-2236520-1,"lever, female housing, 80 way",ZHLB,,AL2,Z120,88360431,,M638,PH09,,A,C,N,0943,,,43069,,AL2,101,HU,C,,,,,AUT SHIRWAL TESOG,,NAC,,,,1-2236520-1,PC,"1,200",0,0,268.81,0,0.00,0,0.000,0.000,07/30/2025,08/01/2025,
2378368-2,cable harness lv,ZFRT,,ADO,Z120,86806741,,M248,PH10,,A,C,N,0943,,,43058,,AEO,101,IN,C,,,,,AUT SHIRWAL TESOG,,895,,7,,2378368-2,PC,"1,000",0,0,9130.02,"15,000",7.00,0,0.000,0.000,06/27/2025,07/15/2025,
